us.bpsm.edn.parser.InstantUtilsTest#testTimestamp,
us.bpsm.edn.parser.InstantUtilsTest#testParseNanoseconds,
us.bpsm.edn.parser.InstantUtilsTest#testParse,
us.bpsm.edn.parser.ScannerTest#symbolsWithPunctuation,
us.bpsm.edn.parser.InstantUtilsTest#testCalendar,
us.bpsm.edn.parser.ScannerTest#minLong,
us.bpsm.edn.parser.InstantUtilsTest#testExtragrammaticalVerificationAfterParse,
us.bpsm.edn.parser.ScannerTest#testNil,
us.bpsm.edn.parser.ScannerTest#testTrue,
us.bpsm.edn.parser.ScannerTest#doubleSlashIfPresentMustEndSymbol3,
us.bpsm.edn.parser.ScannerTest#symbolStartsWithSlash,
us.bpsm.edn.parser.ScannerTest#emptyString,
us.bpsm.edn.parser.ScannerTest#symbolSlash,
us.bpsm.edn.parser.ScannerTest#zero,
us.bpsm.edn.parser.InstantUtilsTest#testDate,
us.bpsm.edn.parser.ScannerTest#symbolStartsWithDotDigit,
us.bpsm.edn.parser.ScannerTest#comment,
us.bpsm.edn.parser.ScannerTest#endList,
us.bpsm.edn.parser.ScannerTest#doubleSlashIfPresentMustEndSymbol1,
us.bpsm.edn.parser.ScannerTest#endMapOrSet,
us.bpsm.edn.parser.ScannerTest#floatWithExponent,
us.bpsm.edn.parser.ScannerTest#beginList,
us.bpsm.edn.parser.ScannerTest#simpleStringEscapes,
us.bpsm.edn.parser.ScannerTest#symbolStartsWithPlusDigit,
us.bpsm.edn.parser.ScannerTest#testFalse,
us.bpsm.edn.parser.ScannerTest#namespacedSlashIsAValidSymbol,
us.bpsm.edn.parser.ScannerTest#keywordsAreInternedGloballyWithoutPrefix,
us.bpsm.edn.parser.ScannerTest#minInteger,
us.bpsm.edn.parser.ScannerTest#keywordWithoutPrefix,
us.bpsm.edn.parser.ScannerTest#maxLong,
us.bpsm.edn.parser.ScannerTest#namedCharacters,
us.bpsm.edn.parser.ScannerTest#simpleStringWithLinebreak,
us.bpsm.edn.parser.ScannerTest#leadingZeroOnInteger,
us.bpsm.edn.parser.ScannerTest#symbolStartsWithDashDigit,
us.bpsm.edn.parser.ScannerTest#decimalWithExponent,
us.bpsm.edn.parser.ScannerTest#doubleSlashIfPresentMustEndSymbol2,
us.bpsm.edn.parser.ScannerTest#keywordsAreInternedGlobally,
us.bpsm.edn.parser.ScannerTest#keywordWithPrefix,
us.bpsm.edn.parser.ScannerTest#maxInteger,
us.bpsm.edn.parser.ScannerTest#decimalWithFraction,
us.bpsm.edn.parser.ScannerTest#commaCharacter,
us.bpsm.edn.parser.ScannerTest#beginVector,
us.bpsm.edn.parser.ScannerTest#sequenceOfTokens,
us.bpsm.edn.parser.ScannerTest#colonSlashIsNotAValidKeyword,
us.bpsm.edn.parser.ScannerTest#testEmpty,
us.bpsm.edn.parser.ScannerTest#floatWithFraction,
us.bpsm.edn.parser.ScannerTest#bigIntegerAutopromote,
us.bpsm.edn.parser.ScannerTest#floatWithFractionAndExponent,
us.bpsm.edn.parser.ScannerTest#symbolEndsInSlash,
us.bpsm.edn.parser.ScannerTest#keywordWithDoubleColonPrefix,
us.bpsm.edn.parser.ScannerTest#beginMap,
us.bpsm.edn.parser.ScannerTest#symbolWithPrefix,
us.bpsm.edn.parser.ScannerTest#symbolWithoutPrefix,
us.bpsm.edn.parser.ScannerTest#beginSet,
us.bpsm.edn.parser.ScannerTest#endVector,
us.bpsm.edn.parser.ScannerTest#discard,
us.bpsm.edn.parser.ScannerTest#bigIntegerRequested,
us.bpsm.edn.parser.ScannerTest#symbolHasTooManySlashes,
us.bpsm.edn.parser.ScannerTest#decimalWithFractionAndExponent,
us.bpsm.edn.parser.ParserTest#parserShouldReturnUnmodifiableVectorByDefault,
us.bpsm.edn.parser.ParserTest#integersParseAsLongByDefault,
us.bpsm.edn.examples.ParseASingleMapTest#simpleUsageExample,
us.bpsm.edn.protocols.C3Test#testMroExample3,
us.bpsm.edn.protocols.C3Test#testArrayList,
us.bpsm.edn.parser.ScannerTest#keywordWithDifferentPrefixNotIdentical,
us.bpsm.edn.parser.ParserTest#issue32,
us.bpsm.edn.parser.ParserTest#canCustomizeParsingOfInteger,
us.bpsm.edn.protocols.C3Test#testMroExample1,
us.bpsm.edn.parser.ParserTest#parserShouldReturnUnmodifiableListByDefault,
us.bpsm.edn.protocols.C3Test#testMroExample2,
us.bpsm.edn.parser.ScannerTest#leadingZeroOnFloat,
us.bpsm.edn.protocols.C3Test#objectIsFinalInOrder,
us.bpsm.edn.parser.ParserTest#parserShouldReturnUnmodifiableSetByDefault,
us.bpsm.edn.parser.ParserTest#parseTaggedValueWithUnkownTag,
us.bpsm.edn.parser.ParserTest#parseTaggedInstant,
us.bpsm.edn.parser.ParserTest#parserShouldReturnUnmodifiableMapByDefault,
us.bpsm.edn.parser.ParserTest#discardedTaggedValuesDoNotCallTransformer,
us.bpsm.edn.protocols.C3Test#testMroExample4OrderDisagreement,
us.bpsm.edn.parser.ParserTest#integersAutoPromoteToBigIfTooBig,
us.bpsm.edn.parser.ParserTest#invalidUUIDCausesException,
us.bpsm.edn.parser.ParserTest#canCustomizeParsingOfFloats,
us.bpsm.edn.parser.ParserTest#parseEdnSample,
us.bpsm.edn.examples.SimpleParserConfigTest#test,
us.bpsm.edn.parser.ParserTest#parseTaggedUUID,
us.bpsm.edn.printer.PrinterTest#testDefaultPrinter,
us.bpsm.edn.printer.PrinterTest#testLoosePrinter,
us.bpsm.edn.printer.PrinterTest#testPrettyPrinting,
us.bpsm.edn.printer.PrinterTest#issue31,
us.bpsm.edn.printer.PrinterTest#testSingleValues,
us.bpsm.edn.printer.PrinterTest#testComplexValue,
