org.joda.beans.ser.map.TestSerializeSimpleMap#test_writer_nullSettings,
org.joda.beans.ser.bin.TestSerializeReferencingBin#test_read_wrongVersionTooHigh,
org.joda.beans.ser.bin.TestSerializeReferencingBin#test_read_wrongVersion,
org.joda.beans.ser.bin.TestSerializeStandardBin#test_read_wrongVersion,
org.joda.beans.ser.bin.TestSerializeStandardBin#test_read_invalidFormat_sizeOneArrayAtRoot,
org.joda.beans.ser.map.TestSerializeSimpleMap#test_writer_write_nullBean,
org.joda.beans.ser.bin.TestSerializeReferencingBin#test_read_invalidFormat_sizeOneArrayAtRoot,
org.joda.beans.ser.bin.TestSerializeStandardBin#test_read_primitiveTypeChanged,
org.joda.beans.ser.map.TestSerializeSimpleMap#test_read_emptyFlexiBean,
org.joda.beans.ser.bin.TestSerializeStandardBin#test_read_rootTypeNotSpecified_FlexiBean,
org.joda.beans.ser.bin.TestSerializeStandardBin#test_read_invalidFormat_noNilValueAfterType,
org.joda.beans.ser.bin.TestSerializeReferencingBin#test_read_rootTypeInvalid_incompatible,
org.joda.beans.ser.map.TestSerializeSimpleMap#test_read_rootTypeArgumentIncorrect,
org.joda.beans.ser.bin.TestSerializeReferencingBin#test_read_rootTypeInvalid_Bean,
org.joda.beans.ser.map.TestSerializeSimpleMap#test_write_nullKeyInMap,
org.joda.beans.ser.bin.TestSerializeStandardBin#test_read_rootTypeNotSpecified_Bean,
org.joda.beans.ser.bin.TestSerializeReferencingBin#test_read_rootTypeNotSpecified_Bean,
org.joda.beans.ser.bin.TestSerializeReferencingBin#test_read_nonStandard_JodaConvertBean_flattened,
org.joda.beans.ser.bin.TestSerializeStandardBin#test_write_nullKeyInMap,
org.joda.beans.ser.bin.TestSerializeStandardBin#test_read_rootTypeInvalid_Bean,
org.joda.beans.ser.bin.TestSerializeStandardBin#test_readWriteJodaConvertBean,ByteArrayOutputStream_FlushBeforeRetrieve@org.joda.beans.ser.bin.JodaBeanBinWriter.write(JodaBeanBinWriter.java:151)
org.joda.beans.ser.map.TestSerializeSimpleMap#test_readWrite_boolean_false,
org.joda.beans.ser.bin.TestSerializeStandardBin#test_read_optionalTypeToDefaulted,
org.joda.beans.ser.bin.TestSerializeReferencingBin#test_read_optionalTypeToDefaulted,
org.joda.beans.ser.bin.TestSerializeStandardBin#test_read_nonStandard_JodaConvertBean_flattened,
org.joda.beans.ser.bin.TestSerializeStandardBin#test_read_nonStandard_JodaConvertWrapper_expanded,
org.joda.beans.ser.bin.TestSerializeReferencingBin#test_read_primitiveTypeChanged,
org.joda.beans.ser.bin.TestSerializeReferencingBin#test_readWriteJodaConvertWrapper,ByteArrayOutputStream_FlushBeforeRetrieve@org.joda.beans.ser.bin.JodaBeanBinWriter.write(JodaBeanBinWriter.java:151)
org.joda.beans.ser.bin.TestSerializeStandardBin#test_read_rootTypeInvalid_incompatible,
org.joda.beans.ser.bin.TestSerializeStandardBin#test_readWriteJodaConvertWrapper,ByteArrayOutputStream_FlushBeforeRetrieve@org.joda.beans.ser.bin.JodaBeanBinWriter.write(JodaBeanBinWriter.java:151)
org.joda.beans.ser.bin.TestSerializeReferencingBin#test_writeJodaConvert,ByteArrayOutputStream_FlushBeforeRetrieve@org.joda.beans.ser.bin.JodaBeanBinWriter.write(JodaBeanBinWriter.java:151)
org.joda.beans.ser.bin.TestSerializeStandardBin#test_read_rootTypeValid_Bean,
org.joda.beans.ser.bin.TestSerializeStandardBin#test_readWrite_primitives,ByteArrayOutputStream_FlushBeforeRetrieve@org.joda.beans.ser.bin.JodaBeanBinWriter.write(JodaBeanBinWriter.java:151)
org.joda.beans.ser.bin.TestSerializeReferencingBin#test_read_nonStandard_JodaConvertWrapper_expanded,
org.joda.beans.ser.bin.TestSerializeStandardBin#test_writeJodaConvert,ByteArrayOutputStream_FlushBeforeRetrieve@org.joda.beans.ser.bin.JodaBeanBinWriter.write(JodaBeanBinWriter.java:151)
org.joda.beans.ser.map.TestSerializeSimpleMap#test_writeImmOptional,
org.joda.beans.ser.bin.TestSerializeStandardBin#test_writeImmOptional,ByteArrayOutputStream_FlushBeforeRetrieve@org.joda.beans.ser.bin.JodaBeanBinWriter.write(JodaBeanBinWriter.java:151)
org.joda.beans.ser.bin.TestSerializeReferencingBin#test_writeFirstInstanceOfBeanHasNullProperties,ByteArrayOutputStream_FlushBeforeRetrieve@org.joda.beans.ser.bin.JodaBeanBinWriter.write(JodaBeanBinWriter.java:151)
org.joda.beans.ser.bin.TestSerializeReferencingBin#test_readWriteJodaConvertBean,ByteArrayOutputStream_FlushBeforeRetrieve@org.joda.beans.ser.bin.JodaBeanBinWriter.write(JodaBeanBinWriter.java:151)
org.joda.beans.ser.bin.TestSerializeReferencingBin#test_writeImmOptional,ByteArrayOutputStream_FlushBeforeRetrieve@org.joda.beans.ser.bin.JodaBeanBinWriter.write(JodaBeanBinWriter.java:151)
org.joda.beans.ser.bin.TestSerializeReferencingBin#test_writeTree,ByteArrayOutputStream_FlushBeforeRetrieve@org.joda.beans.ser.bin.JodaBeanBinWriter.write(JodaBeanBinWriter.java:151)
org.joda.beans.ser.bin.TestSerializeStandardBin#test_writeIntermediateInterface,ByteArrayOutputStream_FlushBeforeRetrieve@org.joda.beans.ser.bin.JodaBeanBinWriter.write(JodaBeanBinWriter.java:151)
org.joda.beans.ser.bin.TestSerializeStandardBin#test_writeAddress,ByteArrayOutputStream_FlushBeforeRetrieve@org.joda.beans.ser.bin.JodaBeanBinWriter.write(JodaBeanBinWriter.java:151)
org.joda.beans.ser.bin.TestSerializeReferencingBin#test_writeIntermediateInterface,ByteArrayOutputStream_FlushBeforeRetrieve@org.joda.beans.ser.bin.JodaBeanBinWriter.write(JodaBeanBinWriter.java:151)
org.joda.beans.ser.bin.TestSerializeReferencingBin#test_writeGenericCollections,ByteArrayOutputStream_FlushBeforeRetrieve@org.joda.beans.ser.bin.JodaBeanBinWriter.write(JodaBeanBinWriter.java:151)
org.joda.beans.ser.bin.TestSerializeStandardBin#test_writeJodaConvertInterface,ByteArrayOutputStream_FlushBeforeRetrieve@org.joda.beans.ser.bin.JodaBeanBinWriter.write(JodaBeanBinWriter.java:151)
org.joda.beans.ser.bin.TestSerializeReferencingBin#test_writeJodaConvertInterface,ByteArrayOutputStream_FlushBeforeRetrieve@org.joda.beans.ser.bin.JodaBeanBinWriter.write(JodaBeanBinWriter.java:151)
org.joda.beans.ser.bin.TestSerializeReferencingBin#test_writeCollections,ByteArrayOutputStream_FlushBeforeRetrieve@org.joda.beans.ser.bin.JodaBeanBinWriter.write(JodaBeanBinWriter.java:151)
org.joda.beans.ser.bin.TestSerializeStandardBin#test_writeImmAddress,ByteArrayOutputStream_FlushBeforeRetrieve@org.joda.beans.ser.bin.JodaBeanBinWriter.write(JodaBeanBinWriter.java:151)
org.joda.beans.ser.bin.TestSerializeStandardBin#test_writeCollections,ByteArrayOutputStream_FlushBeforeRetrieve@org.joda.beans.ser.bin.JodaBeanBinWriter.write(JodaBeanBinWriter.java:151)
org.joda.beans.ser.map.TestSerializeSimpleMap#test_reader_nullSettings,
org.joda.beans.ser.map.TestSerializeSimpleMap#test_readWriteBeanEmptyChild,
org.joda.beans.ser.map.TestSerializeSimpleMap#test_reader_read_nullType,
org.joda.beans.ser.map.TestSerializeSimpleMap#test_reader_read_nullBean,
org.joda.beans.ser.xml.TestSerializeXml#test_read_primitiveTypeChanged,
org.joda.beans.ser.xml.TestSerializeXml#test_read_noTypeAttributeAtRoot,
org.joda.beans.ser.map.TestSerializeSimpleMap#test_readWrite_boolean_true,
org.joda.beans.ser.xml.TestSerializeXml#test_read_noTypeAttributeAtRootButTypeSpecified,
org.joda.beans.ser.xml.TestDeserializer#test_read_renamedType,
org.joda.beans.ser.xml.TestDeserializer#test_read_renamedTypeLower,
org.joda.beans.ser.xml.TestDeserializer#test_read_withRenameDeserializer,
org.joda.beans.ser.xml.TestDeserializer#test_read_withTypeChangeDeserializer,
org.joda.beans.ser.xml.TestSerializeXml#test_read_rootTypeAttributeNotBean,
org.joda.beans.ser.xml.TestSerializeXml#test_read_nonStandard_withCommentBeanRoot,
org.joda.beans.ser.xml.TestSerializeXml#test_read_ignoreProperty,
org.joda.beans.ser.xml.TestSerializeXml#test_read_nonStandard_withCommentInProperty,
org.joda.beans.ser.xml.TestSerializeXml#test_read_noBeanElementAtRoot,
org.joda.beans.ser.xml.TestDeserializer#test_read_withBadEntity,
org.joda.beans.ser.xml.TestSerializeXml#test_read_rootTypeInvalid,
org.joda.beans.ser.xml.TestSerializeXml#test_read_aliased,
org.joda.beans.ser.xml.TestSerializeXml#test_write_nullKeyInMap,
org.joda.beans.ser.xml.TestSerializeXml#test_read_rootTypeArgumentInvalid,
org.joda.beans.ser.xml.TestSerializeXml#test_readWriteBeanEmptyChild_compact,
org.joda.beans.ser.xml.TestSerializeXml#test_readWriteJodaConvertWrapper,
org.joda.beans.ser.xml.TestSerializeXml#test_writeImmOptional,
org.joda.beans.ser.xml.TestSerializeXml#test_readWriteBeanEmptyChild_pretty,
org.joda.beans.ser.xml.TestDeserializer#test_read_withSemanticChangeDeserializer,
org.joda.beans.ser.xml.TestSerializeXml#test_read_nonStandard_JodaConvertBean_flattened,
org.joda.beans.ser.xml.TestSerializeXml#test_read_nonStandard_JodaConvertWrapper_expanded,
org.joda.beans.ser.xml.TestSerializeXml#test_readWriteJodaConvertBean,
org.joda.beans.ser.json.TestSerializeJsonSimple#test_reader_readString_null,
org.joda.beans.ser.map.TestSerializeSimpleMap#test_writeSimpleJson,
org.joda.beans.ser.json.TestSerializeJsonSimple#test_read_primitiveTypeChanged,
org.joda.beans.ser.xml.TestSerializeXml#test_read_badTypeInMap,
org.joda.beans.ser.json.TestSerializeJsonSimple#test_read_emptyFlexiBean,
org.joda.beans.ser.json.TestSerializeJsonSimple#test_reader_readReaderType_nullReader,
org.joda.beans.ser.xml.TestSerializeXml#test_writeAddress,
org.joda.beans.ser.xml.TestSerializeXml#test_writeJodaConvertInterface,
org.joda.beans.ser.json.TestSerializeJsonSimple#test_reader_readStringType_nullString,
org.joda.beans.ser.json.TestSerializeJsonSimple#test_reader_readReaderType_nullType,
org.joda.beans.ser.json.TestSerializeJsonSimple#test_read_rootTypeArgumentIncorrect,
org.joda.beans.ser.xml.TestSerializeXml#test_writeToAppendable,
org.joda.beans.ser.map.TestSerializeSimpleMap#test_writeCollections,
org.joda.beans.ser.xml.TestSerializeXml#test_readWriteInterfaceKeyMap,
org.joda.beans.ser.json.TestSerializeJsonSimple#test_writeImmOptional,
org.joda.beans.ser.xml.TestSerializeXml#test_writeImmAddress,
org.joda.beans.ser.json.TestSerializeJsonSimple#test_writer_nullSettings,
org.joda.beans.ser.xml.TestSerializeXml#test_writeCollections,
org.joda.beans.ser.json.TestSerializeJsonSimple#test_readWrite_boolean_false,
org.joda.beans.ser.json.TestSerializeJsonSimple#test_write_nullKeyInMap,
org.joda.beans.ser.json.TestJsonOutput#test_writeFloat[8],
org.joda.beans.ser.json.TestJsonOutput#test_writeFloat[0],
org.joda.beans.ser.json.TestJsonOutput#test_writeFloat[1],
org.joda.beans.ser.json.TestJsonOutput#test_writeFloat[4],
org.joda.beans.ser.json.TestJsonOutput#test_writeFloat[2],
org.joda.beans.ser.json.TestJsonOutput#test_writeFloat[3],
org.joda.beans.ser.json.TestJsonOutput#test_writeFloat[6],
org.joda.beans.ser.json.TestJsonOutput#test_writeFloat[7],
org.joda.beans.ser.json.TestJsonOutput#test_writeFloat[5],
org.joda.beans.ser.json.TestJsonOutput#test_write_object2_pretty,
org.joda.beans.ser.json.TestJsonOutput#test_writeFloat[10],
org.joda.beans.ser.json.TestSerializeJsonSimple#test_reader_nullSettings,
org.joda.beans.ser.json.TestJsonOutput#test_write_arrayDeep2_pretty,
org.joda.beans.ser.json.TestJsonOutput#test_writeFloat[9],
org.joda.beans.ser.json.TestSerializeJsonSimple#test_reader_readReader_null,
org.joda.beans.ser.json.TestJsonOutput#test_writeLong[0],
org.joda.beans.ser.json.TestSerializeJsonSimple#test_reader_readStringType_nullType,
org.joda.beans.ser.json.TestSerializeJsonSimple#test_writer_write2_nullBean,
org.joda.beans.ser.json.TestSerializeJsonSimple#test_writer_write1_nullBean,
org.joda.beans.ser.json.TestSerializeJsonSimple#test_readWriteBeanEmptyChild_pretty,
org.joda.beans.ser.json.TestJsonOutput#test_writeLong[3],
org.joda.beans.ser.json.TestJsonOutput#test_writeLong[1],
org.joda.beans.ser.json.TestSerializeJsonSimple#test_badFormat[2],
org.joda.beans.ser.json.TestJsonOutput#test_writeLong[2],
org.joda.beans.ser.json.TestJsonOutput#test_writeLong[5],
org.joda.beans.ser.json.TestSerializeJsonSimple#test_badFormat[0],
org.joda.beans.ser.json.TestJsonOutput#test_writeLong[4],
org.joda.beans.ser.json.TestSerializeJsonSimple#test_badFormat[1],
org.joda.beans.ser.json.TestJsonOutput#test_write_array2_pretty,
org.joda.beans.ser.json.TestJsonOutput#test_writeNull,
org.joda.beans.ser.json.TestJsonOutput#test_write_object0_pretty,
org.joda.beans.ser.json.TestSerializeJsonSimple#test_writer_write2_nullAppendable,
org.joda.beans.ser.json.TestJsonOutput#test_write_arrayDeep0_pretty,
org.joda.beans.ser.json.TestSerializeJsonSimple#test_readWrite_boolean_true,
org.joda.beans.ser.json.TestSerializeJsonSimple#test_badFormat[3],
org.joda.beans.ser.json.TestJsonOutput#test_write_array0_pretty,
org.joda.beans.ser.json.TestJsonOutput#test_write_objectDeep1_pretty,
org.joda.beans.ser.json.TestSerializeJsonSimple#test_readWriteBeanEmptyChild_compact,
org.joda.beans.ser.json.TestJsonOutput#test_write_objectDeep1,
org.joda.beans.ser.json.TestJsonOutput#test_write_objectDeep0,
org.joda.beans.ser.json.TestJsonOutput#test_write_objectDeep2,
org.joda.beans.ser.json.TestSerializeJsonSimple#test_writeImmArrays,
org.joda.beans.ser.json.TestJsonOutput#test_writeBoolean_false,
org.joda.beans.ser.json.TestJsonOutput#test_write_object3_pretty,
org.joda.beans.ser.json.TestJsonOutput#test_write_arrayDeep1,
org.joda.beans.ser.json.TestJsonOutput#test_write_arrayDeep0,
org.joda.beans.ser.json.TestJsonOutput#test_write_arrayDeep2,
org.joda.beans.ser.json.TestJsonOutput#test_write_array3_pretty,
org.joda.beans.ser.json.TestSerializeJsonSimple#test_writeCollections,
org.joda.beans.ser.json.TestSerializeJsonSimple#test_writeSimpleJson,
org.joda.beans.ser.json.TestJsonOutput#test_write_object1_pretty,
org.joda.beans.ser.json.TestJsonOutput#test_writeInt[4],
org.joda.beans.ser.json.TestJsonOutput#test_write_arrayDeep1_pretty,
org.joda.beans.ser.json.TestJsonOutput#test_writeBoolean_true,
org.joda.beans.ser.json.TestJsonOutput#test_writeInt[2],
org.joda.beans.ser.json.TestJsonOutput#test_writeDouble[1],
org.joda.beans.ser.json.TestJsonOutput#test_writeInt[0],
org.joda.beans.ser.json.TestJsonOutput#test_write_objectDeep2_pretty,
org.joda.beans.ser.json.TestJsonOutput#test_writeDouble[3],
org.joda.beans.ser.json.TestJsonOutput#test_writeDouble[2],
org.joda.beans.ser.json.TestJsonOutput#test_writeInt[1],
org.joda.beans.ser.json.TestJsonOutput#test_writeDouble[0],
org.joda.beans.ser.json.TestJsonOutput#test_writeInt[5],
org.joda.beans.ser.json.TestJsonOutput#test_writeDouble[6],
org.joda.beans.ser.json.TestJsonOutput#test_writeInt[3],
org.joda.beans.ser.json.TestJsonOutput#test_writeDouble[5],
org.joda.beans.ser.json.TestJsonOutput#test_writeDouble[8],
org.joda.beans.ser.json.TestJsonOutput#test_writeDouble[9],
org.joda.beans.ser.json.TestJsonOutput#test_write_array1,
org.joda.beans.ser.json.TestJsonOutput#test_writeDouble[7],
org.joda.beans.ser.json.TestJsonOutput#test_writeDouble[4],
org.joda.beans.ser.json.TestJsonOutput#test_write_array1_pretty,
org.joda.beans.ser.json.TestJsonOutput#test_writeString[3],
org.joda.beans.ser.json.TestJsonOutput#test_writeString[0],
org.joda.beans.ser.json.TestJsonOutput#test_write_array0,
org.joda.beans.ser.json.TestJsonOutput#test_writeDouble[10],
org.joda.beans.ser.json.TestJsonOutput#test_write_array3,
org.joda.beans.ser.json.TestJsonOutput#test_writeString[1],
org.joda.beans.ser.json.TestJsonOutput#test_writeString[2],
org.joda.beans.ser.json.TestJsonOutput#test_writeString[4],
org.joda.beans.ser.json.TestJsonOutput#test_write_array2,
org.joda.beans.ser.json.TestJsonOutput#test_writeString[9],
org.joda.beans.ser.json.TestJsonOutput#test_writeString[5],
org.joda.beans.ser.json.TestJsonOutput#test_writeString[6],
org.joda.beans.ser.json.TestJsonOutput#test_writeString[8],
org.joda.beans.ser.json.TestJsonOutput#test_writeString[7],
org.joda.beans.ser.json.TestJsonOutput#test_write_object0,
org.joda.beans.ser.json.TestJsonOutput#test_writeString[12],
org.joda.beans.ser.json.TestJsonOutput#test_writeString[11],
org.joda.beans.ser.json.TestJsonOutput#test_writeString[10],
org.joda.beans.ser.json.TestJsonOutput#test_write_objectDeep0_pretty,
org.joda.beans.ser.json.TestJsonOutput#test_write_object1,
org.joda.beans.ser.json.TestJsonOutput#test_write_object2,
org.joda.beans.ser.json.TestJsonOutput#test_write_object3,
org.joda.beans.ser.json.TestSerializeJson#test_reader_readString_null,
org.joda.beans.ser.json.TestSerializeJson#test_read_double_fromIntegerTooBig,
org.joda.beans.ser.json.TestSerializeJson#test_reader_readReaderType_nullReader,
org.joda.beans.ser.json.TestSerializeJson#test_read_primitiveTypeChanged,
org.joda.beans.ser.json.TestSerializeJson#test_readWrite_float_NaN_asNull,
org.joda.beans.ser.json.TestSerializeJson#test_writer_nullSettings,
org.joda.beans.ser.json.TestSerializeJson#test_writeJodaConvertInterface,
org.joda.beans.ser.json.TestSerializeJson#test_reader_readStringType_nullString,
org.joda.beans.ser.json.TestSerializeJson#test_reader_readReaderType_nullType,
org.joda.beans.ser.json.TestSerializeJson#test_readWrite_byte,
org.joda.beans.ser.json.TestSerializeJson#test_reader_readReader_null,
org.joda.beans.ser.json.TestSerializeJson#test_read_float_fromIntegerTooBig,
org.joda.beans.ser.json.TestSerializeJson#test_read_double_integer_flexiWithTypeAnnotation,
org.joda.beans.ser.json.TestSerializeJson#test_readWrite_long,
org.joda.beans.ser.json.TestSerializeJson#test_read_double_fromInteger,
org.joda.beans.ser.json.TestSerializeJson#test_read_noTypeAttributeAtRoot,
org.joda.beans.ser.json.TestSerializeJson#test_reader_nullSettings,
org.joda.beans.ser.json.TestSerializeJson#test_writeImmOptional,
org.joda.beans.ser.json.TestSerializeJson#test_read_noTypeAttributeAtRootButTypeSpecified,
org.joda.beans.ser.json.TestSerializeJson#test_write_nullKeyInMap,
org.joda.beans.ser.json.TestSerializeJson#test_readWrite_double,
org.joda.beans.ser.json.TestSerializeJson#test_readWrite_boolean_false,
org.joda.beans.ser.json.TestSerializeJson#test_read_rootTypeAttributeNotBean,
org.joda.beans.ser.json.TestSerializeJson#test_writer_write2_nullBean,
org.joda.beans.ser.json.TestSerializeJson#test_readWrite_float_NaN,
org.joda.beans.ser.json.TestSerializeJson#test_writer_write1_nullBean,
org.joda.beans.ser.json.TestSerializeJson#test_readWrite_float,
org.joda.beans.ser.json.TestSerializeJson#test_read_rootTypeArgumentInvalid,
org.joda.beans.ser.json.TestSerializeJson#test_reader_readStringType_nullType,
org.joda.beans.ser.json.TestSerializeJson#test_writer_write2_nullAppendable,
org.joda.beans.ser.json.TestSerializeJson#test_readWrite_short,
org.joda.beans.ser.json.TestSerializeJson#test_read_float_fromInteger,
org.joda.beans.ser.json.TestSerializeJson#test_readWrite_double_Infinity,
org.joda.beans.ser.json.TestSerializeJson#test_readWriteBeanEmptyChild_pretty,
org.joda.beans.ser.json.TestSerializeJson#test_readWrite_double_alternateFormat,
org.joda.beans.ser.json.TestSerializeJson#test_read_nonStandard_JodaConvertBean_flattened,
org.joda.beans.ser.json.TestSerializeJson#test_read_badTypeInMap,
org.joda.beans.ser.json.TestSerializeJson#test_read_rootTypeInvalid,
org.joda.beans.ser.json.TestSerializeJson#test_read_double_NaN_asNull,
org.joda.beans.ser.json.TestSerializeJson#test_read_ignoreProperty,
org.joda.beans.ser.json.TestSerializeJson#test_readWrite_boolean_true,
org.joda.beans.ser.json.TestSerializeJson#test_badFormat[1],
org.joda.beans.ser.json.TestSerializeJson#test_badFormat[0],
org.joda.beans.ser.json.TestSerializeJson#test_read_nonStandard_JodaConvertWrapper_expanded,
org.joda.beans.ser.json.TestSerializeJson#test_readWriteJodaConvertWrapper,
org.joda.beans.ser.json.TestSerializeJson#test_readWriteBeanEmptyChild_compact,
org.joda.beans.ser.json.TestSerializeJson#test_writeAddress,
org.joda.beans.ser.json.TestSerializeJson#test_badFormat[2],
org.joda.beans.ser.json.TestSerializeJson#test_writeCollections,
org.joda.beans.ser.json.TestSerializeJson#test_badFormat[3],
org.joda.beans.ser.json.TestSerializeJson#test_writeImmAddress,
org.joda.beans.ser.json.TestSerializeJson#test_badFormat[4],
org.joda.beans.ser.json.TestSerializeJson#test_badFormat[5],
org.joda.beans.ser.json.TestSerializeJson#test_badFormat[6],
org.joda.beans.ser.json.TestSerializeJson#test_badFormat[7],
org.joda.beans.ser.json.TestJsonInput#test_parseObjectKey[2],
org.joda.beans.ser.json.TestJsonInput#test_parseObjectKey[4],
org.joda.beans.ser.json.TestJsonInput#test_parseObjectKey[0],
org.joda.beans.ser.json.TestJsonInput#test_parseObjectKey[6],
org.joda.beans.ser.json.TestJsonInput#test_parseObjectKey[3],
org.joda.beans.ser.json.TestJsonInput#test_parseObjectKey[1],
org.joda.beans.ser.json.TestJsonInput#test_parseObjectKey[5],
org.joda.beans.ser.json.TestJsonInput#test_parseObjectKey[10],
org.joda.beans.ser.json.TestJsonInput#test_parseObjectKey[9],
org.joda.beans.ser.json.TestJsonInput#test_parseObjectKey[8],
org.joda.beans.ser.json.TestJsonInput#test_acceptObjectKey_notString[0],
org.joda.beans.ser.json.TestJsonInput#test_parseObjectKey[16],
org.joda.beans.ser.json.TestJsonInput#test_parseObjectKey[7],
org.joda.beans.ser.json.TestJsonInput#test_parseObjectKey[14],
org.joda.beans.ser.json.TestJsonInput#test_parseObjectKey[11],
org.joda.beans.ser.json.TestSerializeJson#test_badFormat[8],
org.joda.beans.ser.json.TestJsonInput#test_parseObjectKey[13],
org.joda.beans.ser.json.TestSerializeJson#test_badFormat[9],
org.joda.beans.ser.json.TestJsonInput#test_parseObjectKey[15],
org.joda.beans.ser.json.TestJsonInput#test_parseObjectKey[12],
org.joda.beans.ser.json.TestJsonInput#test_acceptObjectKey_notString[2],
org.joda.beans.ser.json.TestJsonInput#test_acceptObjectKey_notString[1],
org.joda.beans.ser.json.TestJsonInput#test_acceptObjectKey_notString[3],
org.joda.beans.ser.json.TestJsonInput#test_acceptObjectKey_notString[4],
org.joda.beans.ser.json.TestSerializeJson#test_badFormat[13],
org.joda.beans.ser.json.TestJsonInput#test_acceptObjectKey_notString[10],
org.joda.beans.ser.json.TestSerializeJson#test_badFormat[10],
org.joda.beans.ser.json.TestJsonInput#test_acceptObjectKey_notString[8],
org.joda.beans.ser.json.TestJsonInput#test_acceptObjectKey_notString[6],
org.joda.beans.ser.json.TestJsonInput#test_acceptObjectKey_notString[11],
org.joda.beans.ser.json.TestJsonInput#test_acceptObjectKey_notString[5],
org.joda.beans.ser.json.TestJsonInput#test_acceptObjectKey_notString[7],
org.joda.beans.ser.json.TestSerializeJson#test_badFormat[11],
org.joda.beans.ser.json.TestJsonInput#test_acceptObjectKey_notString[12],
org.joda.beans.ser.json.TestJsonInput#test_acceptObjectKey_notString[9],
org.joda.beans.ser.json.TestSerializeJson#test_badFormat[12],
org.joda.beans.ser.json.TestJsonInput#test_acceptObjectKey_notString[14],
org.joda.beans.ser.json.TestJsonInput#test_acceptObjectKey_notString[13],
org.joda.beans.ser.json.TestSerializeJson#test_badFormat[14],
org.joda.beans.ser.json.TestJsonInput#test_acceptObjectKey_notString[15],
org.joda.beans.ser.json.TestSerializeJson#test_readWrite_double_NaN,
org.joda.beans.ser.json.TestSerializeJson#test_readWriteJodaConvertBean,
org.joda.beans.ser.json.TestSerializeJson#test_readWriteInterfaceKeyMap,
org.joda.beans.ser.json.TestJsonInput#test_acceptObjectKey_notString[16],
org.joda.beans.ser.json.TestJsonInput#test_parseNumberFloating[0],
org.joda.beans.ser.json.TestJsonInput#test_parseNumberFloating[1],
org.joda.beans.ser.json.TestJsonInput#test_parseNumberFloating[2],
org.joda.beans.ser.json.TestJsonInput#test_parseNumberFloating[3],
org.joda.beans.ser.json.TestJsonInput#test_parseNumberFloating[5],
org.joda.beans.ser.json.TestJsonInput#test_parseNumberFloating[4],
org.joda.beans.ser.json.TestJsonInput#test_parseNumberFloating[8],
org.joda.beans.ser.json.TestJsonInput#test_parseNumberFloating[15],
org.joda.beans.ser.json.TestJsonInput#test_parseNumberFloating[6],
org.joda.beans.ser.json.TestJsonInput#test_parseNumberFloating[12],
org.joda.beans.ser.json.TestJsonInput#test_parseNumberFloating[13],
org.joda.beans.ser.json.TestJsonInput#test_parseNumberFloating[11],
org.joda.beans.ser.json.TestJsonInput#test_parseNumberFloating[7],
org.joda.beans.ser.json.TestJsonInput#test_parseNumberFloating[14],
org.joda.beans.ser.json.TestJsonInput#test_parseNumberFloating[19],
org.joda.beans.ser.json.TestJsonInput#test_parseNumberFloating[10],
org.joda.beans.ser.json.TestJsonInput#test_parseNumberFloating[9],
org.joda.beans.ser.json.TestJsonInput#test_parseNumberFloating[18],
org.joda.beans.ser.json.TestJsonInput#test_parseNumberFloating[25],
org.joda.beans.ser.json.TestJsonInput#test_parseNumberFloating[17],
org.joda.beans.ser.json.TestJsonInput#test_parseNumberFloating[22],
org.joda.beans.ser.json.TestJsonInput#test_skip[1],
org.joda.beans.ser.json.TestJsonInput#test_parseNumberFloating[21],
org.joda.beans.ser.json.TestJsonInput#test_parseNumberFloating[16],
org.joda.beans.ser.json.TestJsonInput#test_parseNumberFloating[24],
org.joda.beans.ser.json.TestJsonInput#test_skip[0],
org.joda.beans.ser.json.TestJsonInput#test_parseNumberFloating[23],
org.joda.beans.ser.json.TestJsonInput#test_skip[3],
org.joda.beans.ser.json.TestJsonInput#test_parseNumberFloating[20],
org.joda.beans.ser.json.TestJsonInput#test_skip[2],
org.joda.beans.ser.json.TestJsonInput#test_skip[5],
org.joda.beans.ser.json.TestJsonInput#test_skip[4],
org.joda.beans.ser.json.TestJsonInput#test_skip[7],
org.joda.beans.ser.json.TestJsonInput#test_readEvent[1],
org.joda.beans.ser.json.TestJsonInput#test_skip[9],
org.joda.beans.ser.json.TestJsonInput#test_skip[10],
org.joda.beans.ser.json.TestJsonInput#test_skip[8],
org.joda.beans.ser.json.TestJsonInput#test_readEvent[0],
org.joda.beans.ser.json.TestJsonInput#test_skip[6],
org.joda.beans.ser.json.TestJsonInput#test_skip[13],
org.joda.beans.ser.json.TestJsonInput#test_skip[11],
org.joda.beans.ser.json.TestJsonInput#test_skip[12],
org.joda.beans.ser.json.TestJsonInput#test_skip[14],
org.joda.beans.ser.json.TestJsonInput#test_readEvent[2],
org.joda.beans.ser.json.TestJsonInput#test_readEvent[3],
org.joda.beans.ser.json.TestJsonInput#test_readEvent[5],
org.joda.beans.ser.json.TestJsonInput#test_readEvent[4],
org.joda.beans.ser.json.TestJsonInput#test_readEvent[6],
org.joda.beans.ser.json.TestJsonInput#test_readEvent[7],
org.joda.beans.ser.json.TestJsonInput#test_readEvent[8],
org.joda.beans.ser.json.TestJsonInput#test_readEvent[9],
org.joda.beans.ser.json.TestJsonInput#test_readEvent[10],
org.joda.beans.ser.json.TestJsonInput#test_readEvent[11],
org.joda.beans.ser.json.TestJsonInput#test_readEvent[12],
org.joda.beans.ser.json.TestJsonInput#test_readEvent[13],
org.joda.beans.ser.json.TestJsonInput#test_parseNumberFloating_endOfFile[0],
org.joda.beans.ser.json.TestJsonInput#test_parseNumberFloating_endOfFile[4],
org.joda.beans.ser.json.TestJsonInput#test_parseNumberFloating_endOfFile[3],
org.joda.beans.ser.json.TestJsonInput#test_parseNumberFloating_endOfFile[2],
org.joda.beans.ser.json.TestJsonInput#test_acceptObjectKey_pushBack,
org.joda.beans.ser.json.TestJsonInput#test_parseNumberFloating_endOfFile[1],
org.joda.beans.ser.json.TestJsonInput#test_parseNumberFloating_endOfFile[14],
org.joda.beans.ser.json.TestJsonInput#test_parseNumberFloating_endOfFile[6],
org.joda.beans.ser.json.TestJsonInput#test_parseNumberFloating_endOfFile[11],
org.joda.beans.ser.json.TestJsonInput#test_parseNumberFloating_endOfFile[9],
org.joda.beans.ser.json.TestJsonInput#test_parseNumberFloating_endOfFile[13],
org.joda.beans.ser.json.TestJsonInput#test_parseNumberFloating_endOfFile[8],
org.joda.beans.ser.json.TestJsonInput#test_parseNumberFloating_endOfFile[5],
org.joda.beans.ser.json.TestJsonInput#test_parseNumberFloating_endOfFile[15],
org.joda.beans.ser.json.TestJsonInput#test_parseString[0],
org.joda.beans.ser.json.TestJsonInput#test_parseNumberFloating_endOfFile[18],
org.joda.beans.ser.json.TestJsonInput#test_parseNumberFloating_endOfFile[10],
org.joda.beans.ser.json.TestJsonInput#test_parseNumberFloating_endOfFile[12],
org.joda.beans.ser.json.TestJsonInput#test_parseNumberFloating_endOfFile[16],
org.joda.beans.ser.json.TestJsonInput#test_parseNumberFloating_endOfFile[7],
org.joda.beans.ser.json.TestJsonInput#test_parseNumberFloating_endOfFile[20],
org.joda.beans.ser.json.TestJsonInput#test_parseNumberFloating_endOfFile[23],
org.joda.beans.ser.json.TestJsonInput#test_parseNumberFloating_endOfFile[17],
org.joda.beans.ser.json.TestJsonInput#test_parseNumberFloating_endOfFile[21],
org.joda.beans.ser.json.TestJsonInput#test_parseNumberFloating_endOfFile[19],
org.joda.beans.ser.json.TestJsonInput#test_parseNumberFloating_endOfFile[24],
org.joda.beans.ser.json.TestJsonInput#test_parseNumberFloating_endOfFile[25],
org.joda.beans.ser.json.TestJsonInput#test_parseString[7],
org.joda.beans.ser.json.TestJsonInput#test_parseNumberFloating_endOfFile[22],
org.joda.beans.ser.json.TestJsonInput#test_parseString[1],
org.joda.beans.ser.json.TestJsonInput#test_parseString[4],
org.joda.beans.ser.json.TestJsonInput#test_parseString[2],
org.joda.beans.ser.json.TestJsonInput#test_parseString[6],
org.joda.beans.ser.json.TestJsonInput#test_parseString[10],
org.joda.beans.ser.json.TestJsonInput#test_parseString[5],
org.joda.beans.ser.json.TestJsonInput#test_parseString[3],
org.joda.beans.ser.json.TestJsonInput#test_parseString[8],
org.joda.beans.ser.json.TestJsonInput#test_parseString[12],
org.joda.beans.ser.json.TestJsonInput#test_parseString[9],
org.joda.beans.ser.json.TestJsonInput#test_parseString[13],
org.joda.beans.ser.json.TestJsonInput#test_parseString[11],
org.joda.beans.ser.json.TestJsonInput#test_parseString[14],
org.joda.beans.ser.json.TestJsonInput#test_parseString[15],
org.joda.beans.ser.json.TestJsonInput#test_parseString[16],
org.joda.beans.ser.json.TestJsonInput#test_acceptString_bad_whitespace[0],
org.joda.beans.ser.json.TestJsonInput#test_acceptString_bad_whitespace[1],
org.joda.beans.ser.json.TestJsonInput#test_acceptString_bad_whitespace[2],
org.joda.beans.ser.json.TestJsonInput#test_acceptString_bad_whitespace[3],
org.joda.beans.ser.json.TestJsonInput#test_acceptString_bad_whitespace[4],
org.joda.beans.ser.json.TestJsonInput#test_acceptString_bad_whitespace[5],
org.joda.beans.ser.json.TestJsonInput#test_acceptObjectKey_whitspace[2],
org.joda.beans.ser.json.TestJsonInput#test_acceptObjectKey_whitspace[1],
org.joda.beans.ser.json.TestJsonInput#test_acceptObjectKey_whitspace[0],
org.joda.beans.ser.json.TestJsonInput#test_acceptObjectKey_whitspace[4],
org.joda.beans.ser.json.TestJsonInput#test_acceptObjectKey_whitspace[8],
org.joda.beans.ser.json.TestJsonInput#test_acceptObjectKey_whitspace[13],
org.joda.beans.ser.json.TestJsonInput#test_acceptObjectKey_whitspace[14],
org.joda.beans.ser.json.TestJsonInput#test_acceptObjectKey_whitspace[3],
org.joda.beans.ser.json.TestJsonInput#test_acceptObjectKey_whitspace[6],
org.joda.beans.ser.json.TestJsonInput#test_acceptObjectKey_whitspace[9],
org.joda.beans.ser.json.TestJsonInput#test_acceptObjectKey_whitspace[5],
org.joda.beans.ser.json.TestJsonInput#test_acceptObjectKey_whitspace[12],
org.joda.beans.ser.json.TestJsonInput#test_acceptObjectKey_whitspace[11],
org.joda.beans.ser.json.TestJsonInput#test_acceptObjectKey_whitspace[7],
org.joda.beans.ser.json.TestJsonInput#test_acceptObjectKey_whitspace[10],
org.joda.beans.ser.json.TestJsonInput#test_acceptObjectKey_whitspace[16],
org.joda.beans.ser.json.TestJsonInput#test_parseNumberIntegral_endOfFile[1],
org.joda.beans.ser.json.TestJsonInput#test_parseNumberIntegral_endOfFile[0],
org.joda.beans.ser.json.TestJsonInput#test_parseNumberIntegral_endOfFile[5],
org.joda.beans.ser.json.TestJsonInput#test_parseNumberIntegral_endOfFile[10],
org.joda.beans.ser.json.TestJsonInput#test_parseNumberIntegral_endOfFile[9],
org.joda.beans.ser.json.TestJsonInput#test_parseNumberIntegral_endOfFile[3],
org.joda.beans.ser.json.TestJsonInput#test_parseNumberIntegral_endOfFile[6],
org.joda.beans.ser.json.TestJsonInput#test_parseNumberIntegral_endOfFile[2],
org.joda.beans.ser.json.TestJsonInput#test_acceptObjectKey_whitspace[15],
org.joda.beans.ser.json.TestJsonInput#test_parseNumberIntegral_endOfFile[4],
org.joda.beans.ser.json.TestJsonInput#test_parseNumberIntegral_endOfFile[12],
org.joda.beans.ser.json.TestJsonInput#test_parseNumberIntegral_endOfFile[7],
org.joda.beans.ser.json.TestJsonInput#test_parseNumberIntegral_endOfFile[8],
org.joda.beans.ser.json.TestJsonInput#test_parseNumberIntegral_endOfFile[11],
org.joda.beans.ser.json.TestJsonInput#test_acceptString_bad[0],
org.joda.beans.ser.json.TestJsonInput#test_parseNumberIntegral_endOfFile[13],
org.joda.beans.ser.json.TestJsonInput#test_parseString_bad[0],
org.joda.beans.ser.json.TestJsonInput#test_parseString_bad[2],
org.joda.beans.ser.json.TestJsonInput#test_parseString_bad[3],
org.joda.beans.ser.json.TestJsonInput#test_acceptString_bad[4],
org.joda.beans.ser.json.TestJsonInput#test_parseString_bad[1],
org.joda.beans.ser.json.TestJsonInput#test_acceptString_bad[2],
org.joda.beans.ser.json.TestJsonInput#test_parseString_bad[4],
org.joda.beans.ser.json.TestJsonInput#test_acceptString_bad[1],
org.joda.beans.ser.json.TestJsonInput#test_parseString_bad[5],
org.joda.beans.ser.json.TestJsonInput#test_acceptString_bad[3],
org.joda.beans.ser.json.TestJsonInput#test_acceptString_bad[5],
org.joda.beans.ser.json.TestJsonInput#test_parseString_endOfFile[1],
org.joda.beans.ser.json.TestJsonInput#test_parseString_endOfFile[0],
org.joda.beans.ser.json.TestJsonInput#test_parseString_endOfFile[2],
org.joda.beans.ser.json.TestJsonInput#test_parseString_endOfFile[3],
org.joda.beans.ser.json.TestJsonInput#test_parseString_endOfFile[6],
org.joda.beans.ser.json.TestJsonInput#test_parseString_endOfFile[4],
org.joda.beans.ser.json.TestJsonInput#test_parseString_endOfFile[5],
org.joda.beans.ser.json.TestJsonInput#test_parseString_endOfFile[10],
org.joda.beans.ser.json.TestJsonInput#test_parseString_endOfFile[12],
org.joda.beans.ser.json.TestJsonInput#test_parseString_endOfFile[15],
org.joda.beans.ser.json.TestJsonInput#test_parseString_endOfFile[11],
org.joda.beans.ser.json.TestJsonInput#test_parseString_endOfFile[7],
org.joda.beans.ser.json.TestJsonInput#test_parseString_endOfFile[9],
org.joda.beans.ser.json.TestJsonInput#test_acceptString_pushback[0],
org.joda.beans.ser.json.TestJsonInput#test_parseString_endOfFile[13],
org.joda.beans.ser.json.TestJsonInput#test_parseString_endOfFile[8],
org.joda.beans.ser.json.TestJsonInput#test_parseString_endOfFile[16],
org.joda.beans.ser.json.TestJsonInput#test_skip_bad,
org.joda.beans.ser.json.TestJsonInput#test_acceptString_pushback[6],
org.joda.beans.ser.json.TestJsonInput#test_acceptString_pushback[2],
org.joda.beans.ser.json.TestJsonInput#test_parseString_endOfFile[14],
org.joda.beans.ser.json.TestJsonInput#test_acceptString_pushback[5],
org.joda.beans.ser.json.TestJsonInput#test_acceptString_pushback[15],
org.joda.beans.ser.json.TestJsonInput#test_acceptString_pushback[1],
org.joda.beans.ser.json.TestJsonInput#test_acceptString_pushback[4],
org.joda.beans.ser.json.TestJsonInput#test_acceptString_pushback[3],
org.joda.beans.ser.json.TestJsonInput#test_acceptString_pushback[14],
org.joda.beans.ser.json.TestJsonInput#test_acceptString_pushback[7],
org.joda.beans.ser.json.TestJsonInput#test_acceptString_pushback[10],
org.joda.beans.ser.json.TestJsonInput#test_acceptString[11],
org.joda.beans.ser.json.TestJsonInput#test_acceptString[6],
org.joda.beans.ser.json.TestJsonInput#test_acceptString_pushback[9],
org.joda.beans.ser.json.TestJsonInput#test_acceptString_pushback[11],
org.joda.beans.ser.json.TestJsonInput#test_acceptString_pushback[12],
org.joda.beans.ser.json.TestJsonInput#test_acceptString_pushback[8],
org.joda.beans.ser.json.TestJsonInput#test_acceptString_pushback[13],
org.joda.beans.ser.json.TestJsonInput#test_acceptString[4],
org.joda.beans.ser.json.TestJsonInput#test_acceptString_pushback[16],
org.joda.beans.ser.json.TestJsonInput#test_acceptString[0],
org.joda.beans.ser.json.TestJsonInput#test_acceptString[5],
org.joda.beans.ser.json.TestJsonInput#test_acceptString[10],
org.joda.beans.ser.json.TestJsonInput#test_acceptString[2],
org.joda.beans.ser.json.TestJsonInput#test_acceptString[7],
org.joda.beans.ser.json.TestJsonInput#test_acceptString[1],
org.joda.beans.ser.json.TestJsonInput#test_acceptString[8],
org.joda.beans.ser.json.TestJsonInput#test_acceptString[3],
org.joda.beans.ser.json.TestJsonInput#test_acceptString[9],
org.joda.beans.ser.json.TestJsonInput#test_acceptString[12],
org.joda.beans.ser.json.TestJsonInput#test_acceptString[13],
org.joda.beans.ser.json.TestJsonInput#test_acceptString[14],
org.joda.beans.ser.json.TestJsonInput#test_acceptString[15],
org.joda.beans.ser.json.TestJsonInput#test_acceptString[16],
org.joda.beans.ser.json.TestJsonInput#test_acceptObjectKey[0],
org.joda.beans.ser.json.TestJsonInput#test_acceptObjectKey[1],
org.joda.beans.ser.json.TestJsonInput#test_acceptObjectKey[2],
org.joda.beans.ser.json.TestJsonInput#test_acceptObjectKey[3],
org.joda.beans.ser.json.TestJsonInput#test_acceptObjectKey[9],
org.joda.beans.ser.json.TestJsonInput#test_acceptObjectKey[4],
org.joda.beans.ser.json.TestJsonInput#test_acceptObjectKey[7],
org.joda.beans.ser.json.TestJsonInput#test_acceptObjectKey[10],
org.joda.beans.ser.json.TestJsonInput#test_acceptObjectKey[12],
org.joda.beans.ser.json.TestJsonInput#test_acceptObjectKey[11],
org.joda.beans.ser.json.TestJsonInput#test_acceptObjectKey[8],
org.joda.beans.ser.json.TestJsonInput#test_acceptObjectKey[13],
org.joda.beans.ser.json.TestJsonInput#test_acceptObjectKey[6],
org.joda.beans.ser.json.TestJsonInput#test_acceptObjectKey[5],
org.joda.beans.ser.json.TestJsonInput#test_acceptObjectKey[16],
org.joda.beans.ser.json.TestJsonInput#test_acceptObjectKey[14],
org.joda.beans.ser.json.TestJsonInput#test_parseNumberFloating_bad[2],
org.joda.beans.ser.json.TestJsonInput#test_parseNumberFloating_bad[4],
org.joda.beans.ser.json.TestJsonInput#test_acceptObjectKey[15],
org.joda.beans.ser.json.TestJsonInput#test_parseNumberFloating_bad[5],
org.joda.beans.ser.json.TestJsonInput#test_parseNumberFloating_bad[8],
org.joda.beans.ser.json.TestJsonInput#test_parseNumberFloating_bad[3],
org.joda.beans.ser.json.TestJsonInput#test_readEvent_bad[8],
org.joda.beans.ser.json.TestJsonInput#test_parseNumberFloating_bad[7],
org.joda.beans.ser.json.TestJsonInput#test_readEvent_bad[0],
org.joda.beans.ser.json.TestJsonInput#test_parseNumberFloating_bad[0],
org.joda.beans.ser.json.TestJsonInput#test_parseNumberFloating_bad[11],
org.joda.beans.ser.json.TestJsonInput#test_parseNumberFloating_bad[9],
org.joda.beans.ser.json.TestJsonInput#test_parseNumberFloating_bad[10],
org.joda.beans.ser.json.TestJsonInput#test_readEvent_bad[2],
org.joda.beans.ser.json.TestJsonInput#test_readEvent_bad[1],
org.joda.beans.ser.json.TestJsonInput#test_parseNumberFloating_bad[6],
org.joda.beans.ser.json.TestJsonInput#test_parseNumberFloating_bad[1],
org.joda.beans.ser.json.TestJsonInput#test_acceptString_whitespace[1],
org.joda.beans.ser.json.TestJsonInput#test_readEvent_bad[3],
org.joda.beans.ser.json.TestJsonInput#test_acceptString_whitespace[2],
org.joda.beans.ser.json.TestJsonInput#test_acceptString_whitespace[0],
org.joda.beans.ser.json.TestJsonInput#test_readEvent_bad[6],
org.joda.beans.ser.json.TestJsonInput#test_readEvent_bad[7],
org.joda.beans.ser.json.TestJsonInput#test_parseNumberFloating_bad[12],
org.joda.beans.ser.json.TestJsonInput#test_acceptString_whitespace[5],
org.joda.beans.ser.json.TestJsonInput#test_readEvent_bad[4],
org.joda.beans.ser.json.TestJsonInput#test_acceptString_whitespace[6],
org.joda.beans.ser.json.TestJsonInput#test_readEvent_bad[5],
org.joda.beans.ser.json.TestJsonInput#test_acceptString_whitespace[4],
org.joda.beans.ser.json.TestJsonInput#test_acceptString_whitespace[3],
org.joda.beans.ser.json.TestJsonInput#test_acceptString_whitespace[7],
org.joda.beans.ser.json.TestJsonInput#test_acceptString_whitespace[8],
org.joda.beans.ser.json.TestJsonInput#test_acceptString_whitespace[9],
org.joda.beans.ser.json.TestJsonInput#test_acceptString_whitespace[10],
org.joda.beans.ser.json.TestJsonInput#test_acceptString_whitespace[12],
org.joda.beans.ser.json.TestJsonInput#test_acceptString_whitespace[11],
org.joda.beans.ser.json.TestJsonInput#test_acceptString_whitespace[13],
org.joda.beans.ser.json.TestJsonInput#test_acceptString_whitespace[14],
org.joda.beans.ser.json.TestJsonInput#test_acceptString_whitespace[15],
org.joda.beans.ser.json.TestJsonInput#test_acceptString_whitespace[16],
org.joda.beans.ser.json.TestJsonInput#test_parseNumberIntegral[7],
org.joda.beans.ser.json.TestJsonInput#test_parseNumberIntegral[1],
org.joda.beans.ser.json.TestJsonInput#test_parseNumberIntegral[3],
org.joda.beans.ser.json.TestJsonInput#test_parseNumberIntegral[2],
org.joda.beans.ser.json.TestJsonInput#test_parseNumberIntegral[5],
org.joda.beans.ser.json.TestJsonInput#test_parseNumberIntegral[6],
org.joda.beans.ser.json.TestJsonInput#test_parseNumberIntegral[9],
org.joda.beans.ser.json.TestJsonInput#test_parseNumberIntegral[0],
org.joda.beans.ser.json.TestJsonInput#test_parseNumberIntegral[11],
org.joda.beans.ser.json.TestJsonInput#test_parseNumberIntegral[8],
org.joda.beans.ser.json.TestJsonInput#test_parseNumberIntegral[4],
org.joda.beans.ser.json.TestJsonInput#test_parseNumberIntegral[13],
org.joda.beans.ser.json.TestJsonInput#test_parseNumberIntegral[12],
org.joda.beans.ser.json.TestJsonInput#test_parseNumberIntegral[10],
org.joda.beans.ser.json.TestJsonInput#test_parseObjectKey_whitspace[8],
org.joda.beans.ser.json.TestJsonInput#test_parseObjectKey_whitspace[2],
org.joda.beans.ser.json.TestJsonInput#test_parseObjectKey_whitspace[1],
org.joda.beans.ser.json.TestJsonInput#test_parseObjectKey_whitspace[11],
org.joda.beans.ser.json.TestJsonInput#test_parseObjectKey_whitspace[12],
org.joda.beans.ser.json.TestJsonInput#test_parseObjectKey_whitspace[0],
org.joda.beans.ser.json.TestJsonInput#test_parseObjectKey_whitspace[3],
org.joda.beans.ser.json.TestJsonInput#test_parseObjectKey_whitspace[6],
org.joda.beans.ser.json.TestJsonInput#test_parseObjectKey_whitspace[4],
org.joda.beans.ser.json.TestJsonInput#test_parseObjectKey_whitspace[7],
org.joda.beans.ser.json.TestJsonInput#test_parseObjectKey_whitspace[9],
org.joda.beans.ser.json.TestJsonInput#test_parseObjectKey_whitspace[5],
org.joda.beans.ser.json.TestJsonInput#test_parseObjectKey_whitspace[10],
org.joda.beans.ser.json.TestJsonInput#test_parseObjectKey_whitspace[16],
org.joda.beans.ser.json.TestJsonInput#test_parseObjectKey_whitspace[14],
org.joda.beans.ser.json.TestJsonInput#test_parseObjectKey_whitspace[13],
org.joda.beans.ser.json.TestJsonInput#test_parseObjectKey_whitspace[15],
org.joda.beans.ser.TestSerializeSmartReader#test_isKnownFormat_binary_false,
org.joda.beans.ser.TestSerializeSmartReader#test_json_optional,
org.joda.beans.ser.TestSerializeSmartReader#test_simpleJson_optional,
org.joda.beans.ser.TestSerializeSmartReader#test_simpleJson_empty,
org.joda.beans.ser.TestSerializeSmartReader#test_binary_address,ByteArrayOutputStream_FlushBeforeRetrieve@org.joda.beans.ser.bin.JodaBeanBinWriter.write(JodaBeanBinWriter.java:151)
org.joda.beans.ser.TestSerializeSmartReader#test_json_address,
org.joda.beans.ser.TestSerializeSmartReader#test_xml_address,
org.joda.beans.ser.TestSerializeSmartReader#test_simpleJson_basic,
org.joda.beans.ser.TestSerializeSmartReader#test_xml_optional,
org.joda.beans.ser.TestSerDeserializerProvider#test_classpathPair,
org.joda.beans.ser.TestSerDeserializerProvider#test_provider,
org.joda.beans.ser.TestSerDeserializerProvider#test_classpathImmKey,
org.joda.beans.ser.TestSerializeSmartReader#test_isKnownFormat_utf8_wrong,
org.joda.beans.sample.TestRWOnlyBean#test_wo1,
org.joda.beans.sample.TestRWOnlyBean#test_wo2,
org.joda.beans.sample.TestRWOnlyBean#test_ro,
org.joda.beans.ser.TestSerializeSmartReader#test_binary_collections,ByteArrayOutputStream_FlushBeforeRetrieve@org.joda.beans.ser.bin.JodaBeanBinWriter.write(JodaBeanBinWriter.java:151)
org.joda.beans.ser.TestSerializeSmartReader#test_binary_optional,ByteArrayOutputStream_FlushBeforeRetrieve@org.joda.beans.ser.bin.JodaBeanBinWriter.write(JodaBeanBinWriter.java:151)
org.joda.beans.ser.TestSerializeSmartReader#test_binaryReferencing_optional,ByteArrayOutputStream_FlushBeforeRetrieve@org.joda.beans.ser.bin.JodaBeanBinWriter.write(JodaBeanBinWriter.java:151)
org.joda.beans.ser.TestSerializeSmartReader#test_binaryReferencing_collections,ByteArrayOutputStream_FlushBeforeRetrieve@org.joda.beans.ser.bin.JodaBeanBinWriter.write(JodaBeanBinWriter.java:151)
org.joda.beans.sample.TestRWOnlyBean#test_manualGet,
org.joda.beans.ser.TestSerializeSmartReader#test_xml_minimal,
org.joda.beans.ser.TestSerializeSmartReader#test_json_minimal,
org.joda.beans.sample.TestRWOnlyBean#test_derived,
org.joda.beans.ser.TestSerializeSmartReader#test_badFormat[0],
org.joda.beans.ser.TestSerializeSmartReader#test_badFormat[1],
org.joda.beans.ser.TestSerializeSmartReader#test_isKnownFormat_binaryRef_false,
org.joda.beans.ser.TestSerializeSmartReader#test_badFormat[4],
org.joda.beans.ser.TestSerializeSmartReader#test_badFormat[6],
org.joda.beans.ser.TestSerTypeMapper#test_encodeType_noShortTypes,
org.joda.beans.ser.TestSerializeSmartReader#test_isKnownFormat_utf16be_wrong,
org.joda.beans.ser.TestSerializeSmartReader#test_isKnownFormat_utf16le_wrong,
org.joda.beans.ser.TestSerializeSmartReader#test_badFormat[2],
org.joda.beans.ser.TestSerTypeMapper#test_encodeType,
org.joda.beans.ser.TestSerializeSmartReader#test_badFormat[3],
org.joda.beans.ser.TestSerTypeMapper#test_encodeType_sillyNames,
org.joda.beans.ser.TestSerTypeMapper#test_decodeType_noCache,
org.joda.beans.ser.TestSerializeSmartReader#test_badFormat[7],
org.joda.beans.ser.TestSerTypeMapper#test_decodeType_noBasePackage,
org.joda.beans.ser.TestSerTypeMapper#test_decodeType,
org.joda.beans.ser.TestSerTypeMapper#test_encodeType_noBasePackage,
org.joda.beans.ser.TestSerTypeMapper#test_decodeType_emptyClassName,
org.joda.beans.ser.TestSerTypeMapper#test_encodeType_noCache,
org.joda.beans.ser.TestSerializeSmartReader#test_badFormat[5],
org.joda.beans.ser.TestSerializeSmartReader#test_xml_collections,
org.joda.beans.ser.TestSerializeSmartReader#test_json_collections,
org.joda.beans.test.TestCoverage#test_coveragePerson,
org.joda.beans.ser.TestSerializeSmartReader#test_json_immAddress,
org.joda.beans.ser.TestSerializeSmartReader#test_xml_immAddress,
org.joda.beans.test.TestBeanAssert#test_same,
org.joda.beans.test.TestBeanAssert#test_bean_oneField_doubleArray_withinToleranceUp,
org.joda.beans.ser.TestSerializeSmartReader#test_simpleJson_collections,
org.joda.beans.ser.TestSerializeSmartReader#test_binary_immAddress,ByteArrayOutputStream_FlushBeforeRetrieve@org.joda.beans.ser.bin.JodaBeanBinWriter.write(JodaBeanBinWriter.java:151)
org.joda.beans.test.TestCoverage#test_coverageMutableBase,
org.joda.beans.test.TestBeanAssert#test_bean_twoFields,
org.joda.beans.test.TestCoverage#test_coverageMutableDerived,
org.joda.beans.test.TestBeanAssert#test_bean_oneField,
org.joda.beans.test.TestBeanAssert#test_bean_oneField_doubleArray_notInTolerance,
org.joda.beans.impl.flexi.TestFlexiBean#test_type_int,
org.joda.beans.impl.flexi.TestFlexiBean#test_equalsHashCode,
org.joda.beans.test.TestBeanAssert#test_bean_oneField_double_notInTolerance,
org.joda.beans.impl.flexi.TestFlexiBean#test_type_boolean,
org.joda.beans.impl.flexi.TestFlexiBean#test_constructor,
org.joda.beans.impl.flexi.TestFlexiBean#test_basics,
org.joda.beans.impl.flexi.TestFlexiBean#test_type_long,
org.joda.beans.impl.flexi.TestFlexiBean#test_putAll,
org.joda.beans.impl.flexi.TestFlexiBean#test_type_double,
org.joda.beans.impl.flexi.TestFlexiBean#test_type_string,
org.joda.beans.TestClone#test_noclone_on_mutable_bean_option,
org.joda.beans.test.TestBeanAssert#test_bean_map,
org.joda.beans.impl.flexi.TestFlexiBean#test_toString,
org.joda.beans.test.TestBeanAssert#test_bean_bug_embedded,
org.joda.beans.impl.flexi.TestFlexiBean#test_constructor_copy,
org.joda.beans.TestPropertyStyle#test_DERIVED,
org.joda.beans.impl.flexi.TestFlexiBean#test_remove,
org.joda.beans.test.TestBeanAssert#test_bean_oneField_doubleArray,
org.joda.beans.TestPropertyStyle#test_READ_ONLY,
org.joda.beans.impl.flexi.TestFlexiBean#test_toMap,
org.joda.beans.TestPropertyStyle#test_IMMUTABLE,
org.joda.beans.TestPropertyStyle#test_READ_WRITE,
org.joda.beans.test.TestBeanAssert#test_bean_oneField_double,
org.joda.beans.TestPropertyStyle#test_WRITE_ONLY,
org.joda.beans.test.TestBeanAssert#test_bean_oneField_double_withinToleranceDown,
org.joda.beans.impl.flexi.TestFlexiBean#test_clone,
org.joda.beans.test.TestBeanAssert#test_bean_oneField_double_withinToleranceUp,
org.joda.beans.TestMutableDerived#test_mutableDerivedBean_builder,
org.joda.beans.test.TestBeanAssert#test_bean_sizes,
org.joda.beans.test.TestBeanAssert#test_bean_oneField_doubleArray_withinToleranceDown,
org.joda.beans.test.TestBeanAssert#test_beanFullDetail_twoFields,
org.joda.beans.test.TestBeanAssert#test_equal,
org.joda.beans.TestCompanyAddress#test_metaBean,
org.joda.beans.TestMetaInvoke#test_method_call_compiles,
org.joda.beans.TestMutableDerived#test_mutableDerivedBean,
org.joda.beans.TestClone#test_bean,
org.joda.beans.TestCompanyAddress#test_bean,
org.joda.beans.TestReflective#test_mutable,
org.joda.beans.TestCompanyAddress#test_metaProperty_types,
org.joda.beans.TestCompanyAddress#test_metaProperty_annotations,
org.joda.beans.TestCompanyAddress#test_property_String_companyName,
org.joda.beans.TestCompanyAddress#test_metaProperty_String_companyName,
org.joda.beans.TestCompanyAddress#test_namedPropertyMethod_companyName,
org.joda.beans.TestCompanyAddress#test_property_String_street,
org.joda.beans.TestCompanyAddress#test_namedMetaPropertyMethod_street,
org.joda.beans.TestCompanyAddress#test_metaProperty_String_street,
org.joda.beans.TestCompanyAddress#test_namedMetaPropertyMethod_companyName,
org.joda.beans.TestCompanyAddress#test_namedPropertyMethod_street,
org.joda.beans.TestCompanyAddress#test_metaBean_invalidPropertyName,
org.joda.beans.TestMetaBean#test_metaBean_FlexiBean,
org.joda.beans.TestCompanyAddress#test_bean_invalidPropertyName,
org.joda.beans.TestMetaBean#test_metaBean_MapBean,
org.joda.beans.TestMetaBean#test_metaBean_notFound,
org.joda.beans.TestMetaBean#test_registerMetaBean,
org.joda.beans.TestMetaBean#test_metaBean,
org.joda.beans.TestBeanCodeGenException#testMessage,
org.joda.beans.TestResult#test_metaBean,
org.joda.beans.TestResult#test_metaBean_invalidPropertyName,
org.joda.beans.TestResult#test_bean_invalidPropertyName,
org.joda.beans.TestAddress#test_bean,
org.joda.beans.TestMutableListBeans#test_finalBean_noList,
org.joda.beans.TestMutableListBeans#test_nonFinalBean_noList,
org.joda.beans.TestAddress#test_metaBean,
org.joda.beans.TestMutableListBeans#test_nonFinalBean_list,
org.joda.beans.TestResult#test_genericType_CompanyAddressMid,
org.joda.beans.TestAddress#test_metaProperty_types,
org.joda.beans.TestAddress#test_metaBean_invalidPropertyName,
org.joda.beans.TestAddress#test_metaProperty_String,
org.joda.beans.TestAddress#test_namedPropertyMethod,
org.joda.beans.TestAddress#test_builder_getInvalidPropertyName,
org.joda.beans.TestAddress#test_builder_setInvalidPropertyName,
org.joda.beans.TestAddress#test_property_String,
org.joda.beans.TestResult#test_genericType_Address,
org.joda.beans.TestAddress#test_metaProperty_annotations,
org.joda.beans.TestAddress#test_namedMetaPropertyMethod,
org.joda.beans.TestAddress#test_bean_invalidPropertyName,
org.joda.beans.TestResult#test_bean,
org.joda.beans.TestResult#test_genericType_CompanyAddress,
org.joda.beans.TestResult#test_genericType_abstract,
org.joda.beans.TestMutableListBeans#test_finalBean_list,
org.joda.beans.TestAddress#test_builder2,
org.joda.beans.TestPair#test_equalsHashCode,
org.joda.beans.TestAddress#test_builder1,
org.joda.beans.TestPair#test_toString,
org.joda.beans.TestOptionalBean#test_optional_full,
org.joda.beans.TestOptionalBean#test_optional_property,
org.joda.beans.TestOptionalBean#test_optional_empty,
org.joda.beans.TestSubBean#test_subbean_toBuilder,
org.joda.beans.TestJodaBeanUtils#test_equal_floats,
org.joda.beans.TestJodaBeanUtils#test_equal_BooleanArray,
org.joda.beans.TestJodaBeanUtils#test_mapValueTypeTypes_invalidNoGenerics,
org.joda.beans.TestJodaBeanUtils#test_equal_IntegerArray,
org.joda.beans.TestJodaBeanUtils#test_mapType_wildcard,
org.joda.beans.TestJodaBeanUtils#test_copyInto,
org.joda.beans.TestJodaBeanUtils#test_equalWithTolerance_floats_someTolerance,
org.joda.beans.TestJodaBeanUtils#equalIgnoring_same,
org.joda.beans.TestJodaBeanUtils#test_equalWithTolerance_doubles_zeroTolerance,
org.joda.beans.TestJodaBeanUtils#test_equal_ObjectArray,
org.joda.beans.TestJodaBeanUtils#test_compare_descending_null,
org.joda.beans.TestJodaBeanUtils#test_notEmpty_Map_notOk_null,
org.joda.beans.TestJodaBeanUtils#test_equal_DoubleArray,
org.joda.beans.TestJodaBeanUtils#test_notBlank_String_ok,
org.joda.beans.TestJodaBeanUtils#test_equal_LongArray,
org.joda.beans.TestJodaBeanUtils#test_integerType_Person_collectionTypeInvalid,
org.joda.beans.TestJodaBeanUtils#test_notBlank_String_notOk_empty,
org.joda.beans.TestJodaBeanUtils#equalIgnoring_nullFirst,
org.joda.beans.TestJodaBeanUtils#test_notEmpty_String_notOk_empty,
org.joda.beans.TestJodaBeanUtils#equalIgnoring_nullArray,
org.joda.beans.TestJodaBeanUtils#test_compare_descending,
org.joda.beans.TestJodaBeanUtils#test_notEmpty_Collection_ok,
org.joda.beans.TestJodaBeanUtils#test_notNull_ok,
org.joda.beans.TestJodaBeanUtils#test_equal_CharArray,
org.joda.beans.TestJodaBeanUtils#test_hashCode_Object,
org.joda.beans.TestJodaBeanUtils#test_equalWithTolerance_doubles_someTolerance,
org.joda.beans.TestJodaBeanUtils#test_notEmpty_String_ok,
org.joda.beans.TestJodaBeanUtils#test_notEmpty_Map_ok,
org.joda.beans.TestJodaBeanUtils#test_notNull_notOk,
org.joda.beans.TestJodaBeanUtils#test_copy,
org.joda.beans.TestJodaBeanUtils#test_mapValueTypeTypes_valid,
org.joda.beans.TestJodaBeanUtils#test_equal_IntArray,
org.joda.beans.TestJodaBeanUtils#test_mapType_Person_otherAddressMap,
org.joda.beans.TestJodaBeanUtils#test_collectionTypeTypes_invalidNoGenerics,
org.joda.beans.TestJodaBeanUtils#test_integerType_Person_mapKeyTypeInvalid,
org.joda.beans.TestJodaBeanUtils#test_notEmpty_Collection_notOk_empty,
org.joda.beans.TestJodaBeanUtils#test_listType_Person_addressList,
org.joda.beans.TestJodaBeanUtils#test_compare_ascending_null,
org.joda.beans.TestJodaBeanUtils#test_notEmpty_String_notOk_null,
org.joda.beans.TestJodaBeanUtils#test_equal_ShortArray,
org.joda.beans.TestJodaBeanUtils#test_equal_IntegerNumberArray,
org.joda.beans.TestJodaBeanUtils#test_mapValueTypeTypes_invalidNotMap,
org.joda.beans.TestJodaBeanUtils#test_equal_ByteArray,
org.joda.beans.TestJodaBeanUtils#test_notBlank_String_notOk_allWhitespace,
org.joda.beans.TestJodaBeanUtils#test_equalWithTolerance_floats_zeroTolerance,
org.joda.beans.TestJodaBeanUtils#test_listType_Person_addressesList,
org.joda.beans.TestJodaBeanUtils#test_equal_MixedArrays,
org.joda.beans.TestJodaBeanUtils#equalIgnoring_nullSecond,
org.joda.beans.TestJodaBeanUtils#test_multisetType_Person_otherAddressMap,
org.joda.beans.TestJodaBeanUtils#equalIgnoring,
org.joda.beans.TestJodaBeanUtils#test_notBlank_String_notOk_null,
org.joda.beans.TestJodaBeanUtils#test_equal_doubles,
org.joda.beans.TestJodaBeanUtils#test_compare_ascending,
org.joda.beans.TestJodaBeanUtils#test_equal_IntegerIntArray,
org.joda.beans.TestJodaBeanUtils#test_collectionTypeTypes_valid,
org.joda.beans.TestJodaBeanUtils#test_notEmpty_Map_notOk_empty,
org.joda.beans.TestPerson#test_metaBean,
org.joda.beans.TestJodaBeanUtils#test_equal,
org.joda.beans.TestJodaBeanUtils#test_equal_FloatArray,
org.joda.beans.TestPerson#test_BeanUtils_addressList,
org.joda.beans.TestPerson#test_metaProperty_annotations_extensions,
org.joda.beans.TestPerson#test_metaBean_annotations,
org.joda.beans.TestJodaBeanUtils#test_propertiesEqual_propertiesHashCode,
org.joda.beans.TestPerson#test_metaBean_abstract,
org.joda.beans.TestFlexiBean#test_append_invalidProperty,
org.joda.beans.TestJodaBeanUtils#test_collectionTypeTypes_invalidNotCollection,
org.joda.beans.TestJodaBeanUtils#test_notEmpty_Collection_notOk_null,
org.joda.beans.TestFlexiBean#test_invalidProperty,
org.joda.beans.TestPerson#test_metaProperty_annotations_addressList,
org.joda.beans.TestPerson#test_namedPropertyMethod,
org.joda.beans.TestPerson#test_metaBean_invalidPropertyName,
org.joda.beans.TestFlexiBean#test_equalsHashCode,
org.joda.beans.TestPerson#test_metaProperty_types_addressList,
org.joda.beans.TestJodaBeanUtils#test_collectionType_Person_mapKeyTypeInvalid,
org.joda.beans.TestFlexiBean#test_propertyDefine_propertyRemove,
org.joda.beans.TestFlexiBean#test_metaBean,
org.joda.beans.TestFlexiBean#test_serialization,
org.joda.beans.TestPerson#test_metaProperty_String,
org.joda.beans.TestPerson#test_metaProperty_types_otherAddressMap,
org.joda.beans.TestFlexiBean#test_set_invalidProperty,
org.joda.beans.TestPerson#test_namedMetaPropertyMethod,
org.joda.beans.TestFlexiBean#test_put_invalidProperty,
org.joda.beans.TestPerson#test_bean,
org.joda.beans.TestJodaBeanUtils#test_clone,
org.joda.beans.TestPerson#test_property_String,
org.joda.beans.TestMinimal#test_immutable_order,
org.joda.beans.TestMinimal#test_mutable_order,
org.joda.beans.TestPerson#test_bean_invalidPropertyName,
org.joda.beans.TestArray#test_bean,
org.joda.beans.TestBeanIterator#test_iteration_nullChild,
org.joda.beans.TestBeanIterator#test_iteration_childWithNoChildren_FlexiBean,
org.joda.beans.TestMinimal#test_mutable,
org.joda.beans.TestBeanIterator#test_iteration_noChildren,
org.joda.beans.TestBeanIterator#test_iteration_childWithOneChild_FlexiBean,
org.joda.beans.TestMinimal#test_immutable,
org.joda.beans.TestBeanIterator#test_iteration_childWithChildren,
org.joda.beans.TestBeanIterator#test_iteration_childWithChildrenOfChildren,
org.joda.beans.TestImmutable#test_builder_subclass_getInvalidPropertyName,
org.joda.beans.TestBeanIterator#test_iteration_childWithListOfChildren,
org.joda.beans.TestImmutable#test_builder_subclass_setInvalidPropertyName,
org.joda.beans.TestImmutable#test_bean,
org.joda.beans.TestMapBean#test_equalsHashCode,
org.joda.beans.TestImmutable#test_with,
org.joda.beans.TestImmutable#test_builder_defaultValue,
org.joda.beans.TestMapBean#test_clone,
org.joda.beans.TestImmutable#test_builder_getInvalidPropertyName,
org.joda.beans.TestMapBean#test_metaBean,
org.joda.beans.TestImmutable#test_builder_setInvalidPropertyName,
org.joda.beans.TestMapBean#test_propertyDefine_propertyRemove,
org.joda.beans.TestValidateBean#test_bean_propertySet,
org.joda.beans.TestImmutable#test_builder_subclass,
org.joda.beans.TestValidateBean#test_static_set,
org.joda.beans.TestImmutable#test_builder,
org.joda.beans.TestValidateBean#test_static_propertySet,
org.joda.beans.TestValidateBean#test_notNull_propertySet,
org.joda.beans.TestValidateBean#test_bean_set,
org.joda.beans.TestValidateBean#test_bean_create,
org.joda.beans.TestValidateBean#test_subbean_create_notIncluded,
org.joda.beans.TestValidateBean#test_static_create_notIncluded,
org.joda.beans.TestValidateBean#test_notNull_create_notIncluded,
org.joda.beans.TestValidateBean#test_notEmpty_propertySet_null,
org.joda.beans.TestValidateBean#test_notBlank_set_null,
org.joda.beans.TestValidateBean#test_notNull_set,
org.joda.beans.TestValidateBean#test_notEmpty_set_empty,
org.joda.beans.TestValidateBean#test_notEmpty_create_notIncluded,
org.joda.beans.TestValidateBean#test_notBlank_set_empty,
org.joda.beans.TestValidateBean#test_notEmpty_propertySet_empty,
org.joda.beans.TestValidateBean#test_notBlank_propertySet_null,
org.joda.beans.TestValidateBean#test_notBlank_propertySet_empty,
org.joda.beans.TestValidateBean#test_notNull_create,
org.joda.beans.TestValidateBean#test_notEmpty_create_empty,
org.joda.beans.TestValidateBean#test_notEmpty_set_null,
org.joda.beans.TestValidateBean#test_static_create,
org.joda.beans.TestValidateBean#test_notEmpty_create_null,
org.joda.beans.TestValidateBean#test_bean_create_notIncluded,
org.joda.beans.TestImmutable#test_builder_methodTypes,
org.joda.beans.TestMetaBeans#test_metaBeanProviderAnnotation,
org.joda.beans.TestLight#test_immutable_order,
org.joda.beans.TestBasicBean#test_property_toString,
org.joda.beans.TestBasicBean#test_metaProperty_toString,
org.joda.beans.TestFinalFieldBean#test_finalPerson,
org.joda.beans.TestLight#test_mutable,
org.joda.beans.TestFinalFieldBean#test_finalBean,
org.joda.beans.TestFinalFieldBean#test_finalString,
org.joda.beans.TestBasicBean#test_metaProperty_hashCode,
org.joda.beans.TestBasicBean#test_metaProperty_equals,
org.joda.beans.TestFinalFieldBean#test_finalList,
org.joda.beans.TestBasicBean#test_property_equals,
org.joda.beans.TestFinalFieldBean#test_nonFinalString,
org.joda.beans.TestBasicBean#test_property_hashCode,
org.joda.beans.TestBasicBean#test_hashCode,
org.joda.beans.TestLight#test_immutableOld,
org.joda.beans.TestBasicBean#test_equals,
org.joda.beans.TestBasicBean#test_toString,
org.joda.beans.TestLight#test_immutable,
