playn.core.json.InternalJsonParserTest#testArrayTwoElements,
playn.core.json.InternalJsonNumberTest#testLargeIntRead,
playn.core.json.InternalJsonNumberTest#testBasicNumberRead,
playn.core.json.InternalJsonNumberTest#testLargeIntWrite,
playn.core.json.InternalJsonParserTest#testArrayWithEverything,
playn.core.json.InternalJsonNumberTest#testBasicNumberWrite,
playn.core.json.InternalJsonParserTest#testArrayOneElement,
playn.core.json.InternalJsonNumberTest#testAroundEdges,
playn.core.json.InternalJsonParserTest#testEmptyArray,
playn.core.json.InternalJsonNumberTest#testBigIntRead,
playn.core.json.InternalJsonNumberTest#testBigIntWrite,
playn.core.json.InternalJsonParserTest#testBasicTypes,
playn.core.GroupLayerImplTest#testAddPreservesDepth,
playn.core.json.InternalJsonParserTest#testBigint,
playn.core.json.InternalJsonParserTest#testBasicNumbers,
playn.core.json.InternalJsonNumberTest#testLongWrite,
playn.core.GroupLayerImplTest#testDepthUpdates,
playn.core.json.InternalJsonParserTest#failureTestsFromYui,
playn.core.json.InternalJsonNumberTest#testLongRead,
playn.core.json.InternalJsonParserTest#jsonOrgTest,
playn.core.json.InternalJsonParserTest#testFailBadKeywords1,
playn.core.json.InternalJsonParserTest#testEmptyObject,
playn.core.json.InternalJsonParserTest#testFailBadKeywords5,
playn.core.json.InternalJsonParserTest#testFailBustedString1,
playn.core.json.InternalJsonParserTest#testFailBadKeywords7,
playn.core.json.InternalJsonParserTest#testFailBadKeywords2,
playn.core.json.InternalJsonParserTest#testFailArrayTrailingComma1,
playn.core.json.InternalJsonParserTest#testFailBustedNumber1,
playn.core.json.InternalJsonParserTest#testFailBadKeywords6,
playn.core.json.InternalJsonParserTest#testFailBustedString3,
playn.core.json.InternalJsonParserTest#testFailBadKeywords3,
playn.core.json.InternalJsonParserTest#testFailBustedString6,
playn.core.json.InternalJsonParserTest#testFailBustedString2,
playn.core.json.InternalJsonParserTest#testFailArrayTrailingComma2,
playn.core.json.InternalJsonParserTest#testFailBadKeywords4,
playn.core.json.InternalJsonParserTest#testFailBustedString4,
playn.core.json.InternalJsonParserTest#testFailBustedNumber2,
playn.core.json.InternalJsonParserTest#testFailBustedString5,
playn.core.json.InternalJsonParserTest#testFailBustedString7,
playn.core.json.InternalJsonParserTest#testFailNoJson1,
playn.core.json.InternalJsonParserTest#testFailNoJson2,
playn.core.json.InternalJsonParserTest#testFailNoJson3,
playn.core.json.InternalJsonParserTest#testFailObjectTrailingComma2,
playn.core.json.InternalJsonParserTest#testFailNumberEdgeCases,
playn.core.json.InternalJsonParserTest#testFailNull,
playn.core.json.InternalJsonParserTest#testFailObjectBadKey2,
playn.core.json.InternalJsonParserTest#testFailObjectBadColon3,
playn.core.json.InternalJsonParserTest#testFailObjectTrailingComma1,
playn.core.json.InternalJsonParserTest#testFailObjectBadColon2,
playn.core.json.InternalJsonParserTest#testNumbers,
playn.core.json.InternalJsonParserTest#testFailObjectBadColon1,
playn.core.json.InternalJsonParserTest#testFailObjectBadKey1,
playn.core.json.InternalJsonParserTest#testFailTrailingCommaMultiline,
playn.core.json.InternalJsonParserTest#testFailWrongType,
playn.core.json.InternalJsonParserTest#testNegativeZero,
playn.core.json.InternalJsonParserTest#testStringEscapes,
playn.core.json.InternalJsonParserTest#testObjectTwoElements,
playn.core.json.InternalJsonParserTest#testObjectWithEverything,
playn.core.json.InternalJsonParserTest#testObjectOneElement,
playn.core.json.InternalJsonParserTest#testWhitespace,
playn.core.json.InternalJsonTypesTest#testArrayBounds,
playn.core.json.InternalJsonTypesTest#testArrayInt,
playn.core.json.InternalJsonTypesTest#testArrayString,
playn.core.json.InternalJsonTypesTest#testArrayNull,
playn.core.json.InternalJsonTypesTest#testJsonArrayBuilderFailCantAddNonKeyToObject,
playn.core.json.InternalJsonTypesTest#testJsonArrayBuilder,
playn.core.json.InternalJsonTypesTest#testObjectNull,
playn.core.json.InternalJsonParserTest#tortureTest,
playn.core.json.InternalJsonTypesTest#testJsonArrayBuilderFailCantAddKeyToArray,
playn.core.json.InternalJsonTypesTest#testObjectString,
playn.core.json.InternalJsonTypesTest#testJsonArrayBuilderFailCantCloseRoot,
playn.core.json.InternalJsonTypesTest#testJsonObjectBuilder,
playn.core.json.InternalJsonTypesTest#testObjectInt,
playn.core.json.InternalJsonWriterTest#testAppendable,
playn.core.json.InternalJsonWriterTest#testArrayOfEmpty,
playn.core.json.InternalJsonWriterTest#testArray,
playn.core.json.InternalJsonWriterTest#testArrayEmpty,
playn.core.json.InternalJsonWriterTest#testFailureEmpty,
playn.core.json.InternalJsonWriterTest#testEscape,
playn.core.json.InternalJsonWriterTest#testFailureEmpty2,
playn.core.json.InternalJsonWriterTest#testFailureKeyInArray2,
playn.core.json.InternalJsonWriterTest#testFailureKeyInArray,
playn.core.json.InternalJsonWriterTest#testFailureMoreThanOneRoot2,
playn.core.json.InternalJsonWriterTest#testFailureMoreThanOneRoot,
playn.core.json.InternalJsonWriterTest#testFailureNoKeyInObject,
playn.core.json.InternalJsonWriterTest#testFailureMoreThanOneRoot3,
playn.core.json.InternalJsonWriterTest#testQuickArray,
playn.core.json.InternalJsonWriterTest#testFailureNotFullyClosed2,
playn.core.json.InternalJsonWriterTest#testNull,
playn.core.json.InternalJsonWriterTest#testFailureNoKeyInObject2,
playn.core.json.InternalJsonWriterTest#testNestedArray2,
playn.core.json.InternalJsonWriterTest#testFailureNotFullyClosed,
playn.core.json.InternalJsonWriterTest#testNestedArray,
playn.core.json.InternalJsonWriterTest#testNestedObject,
playn.core.json.InternalJsonWriterTest#testQuickArrayEmpty,
playn.core.json.InternalJsonWriterTest#testObject,
playn.core.json.InternalJsonWriterTest#testNestedObjectArray,
playn.core.json.InternalJsonWriterTest#testQuickJsonArray,
playn.core.json.InternalJsonWriterTest#testQuickJson,
playn.core.json.InternalJsonWriterTest#testScriptEndEscaping,
playn.java.JavaImageTest#testMissingImage,
playn.java.JavaJsonTest#testMissingKey,
playn.core.json.InternalJsonWriterTest#testStringControlCharacters,
playn.core.json.InternalJsonWriterTest#testSimpleValues,
playn.core.json.InternalJsonWriterTest#testWriteToSystemOutLikeStream,
playn.core.LayerUtilTest#testTransformWithRot,
playn.core.LayerUtilTest#testTransformWithScale,
playn.core.LayerUtilTest#testTransformWithScaleRotTrans,
playn.shared.json.JsonImplArrayTest#testArraySet,
playn.shared.json.JsonImplArrayTest#testArrayAdd,
playn.core.LayerUtilTest#testTransformWithTrans,
playn.shared.json.JsonImplObjectTest#testObjectBasics,
playn.shared.json.JsonImplArrayTest#testArrayAppend,
playn.shared.json.JsonImplArrayTest#testArrayBasics,
playn.shared.json.JsonImplArrayTest#testIsArray,
playn.shared.json.JsonImplArrayTest#testArrayTypeChecks,
playn.shared.json.JsonImplArrayTest#testTypedArray,
playn.shared.json.JsonImplObjectTest#testIsObject,
playn.shared.json.JsonImplObjectTest#testObjectTypes,
playn.shared.json.JsonImplWriterTest#testWriter,
playn.shared.json.JsonImplParseTest#testParseObject,
playn.shared.json.JsonImplParseTest#testParseArray,
