com.tngtech.propertyloader.impl.filters.EnvironmentResolvingFilterTest#testGetenv,
com.tngtech.propertyloader.impl.filters.EnvironmentResolvingFilterTest#testFilterValue,
com.tngtech.propertyloader.impl.openers.URLFileOpenerTest#testToString,
com.tngtech.propertyloader.impl.openers.URLFileOpenerTest#testThatURLFileOpener_Forgets_Path_When_Provided_With_FileName_That_Has_Preceding_Slash,
com.tngtech.propertyloader.impl.openers.URLFileOpenerTest#testThat_Path_Does_Not_Change_When_URLFileOpener_Opens_Files,
com.tngtech.propertyloader.impl.openers.URLFileOpenerTest#testThatURLFileOpenerLoadsFromURL,
com.tngtech.propertyloader.impl.openers.URLFileOpenerTest#testThatURLFileOpenerLoadsFromPathString,
com.tngtech.propertyloader.impl.filters.VariableResolvingFilterTest#testThatExceptionIsThrownWhenValueNotFound,
com.tngtech.propertyloader.impl.filters.ThrowIfPropertyHasToBeDefinedTest#testFilterValue,
com.tngtech.propertyloader.impl.filters.VariableResolvingFilterTest#testResolvingNestedVariables,
com.tngtech.propertyloader.impl.filters.DecryptingFilterTest#testFilterValue,
com.tngtech.propertyloader.impl.filters.DecryptingFilterTest#testThatExceptionIsThrownWhenPasswordNotFound,
com.tngtech.propertyloader.impl.openers.ContextClassLoaderOpenerTest#testContextClassLoaderOpener,
com.tngtech.propertyloader.impl.filters.WarnOnSurroundingWhitespaceTest#testFilterValue,
com.tngtech.propertyloader.impl.PropertyLoaderFactoryTest#testGetEmptyProperties,
com.tngtech.propertyloader.impl.openers.ContextClassLoaderOpenerTest#testToString,
com.tngtech.propertyloader.impl.PropertyLoaderFactoryTest#testGetWarnIfPropertyHasToBeDefined,
com.tngtech.propertyloader.impl.PropertyLoaderFactoryTest#testGetURLFileOpenerFromURL,
com.tngtech.propertyloader.impl.PropertyLoaderFactoryTest#testGetURLFileOpener,
com.tngtech.propertyloader.impl.PropertyLoaderFactoryTest#testGetContextClassLoaderOpener,
com.tngtech.propertyloader.impl.PropertyLoaderFactoryTest#testGetRelativeToClass,
com.tngtech.propertyloader.impl.openers.ContextClassLoaderOpenerTest#testOpen,
com.tngtech.propertyloader.impl.PropertyLoaderFactoryTest#testGetURLFileOpenerFromString,
com.tngtech.propertyloader.impl.PropertyLoaderFactoryTest#testGetVariableResolvingFilter,
com.tngtech.propertyloader.impl.helpers.HostsHelperTest#testGetLocalHostNames,
com.tngtech.propertyloader.impl.PropertyLoaderFactoryTest#testGetClassLoaderOpener,
com.tngtech.propertyloader.impl.PropertyLoaderFactoryTest#testGetEnvironmentResolvingFilter,
com.tngtech.propertyloader.impl.PropertyLoaderFactoryTest#testGetWarnOnSurroundingWhitespace,
com.tngtech.propertyloader.impl.helpers.PropertyFileNameHelperTest#testGetFileNames,
com.tngtech.propertyloader.PropertyLoaderIntegrationTest#testLoadingFromCurrentDirectoryOnly,
com.tngtech.propertyloader.PropertyLoaderIntegrationTest#testLoadingWithDefaultConfig_Does_Pop_FileNameStack,
com.tngtech.propertyloader.PropertyLoaderIntegrationTest#testLoadingWithDefaultConfig_Throws_Exception_On_Recursive_Includes,
com.tngtech.propertyloader.PropertyLoaderIntegrationTest#testLoadingFromContextClassLoaderOnly,
com.tngtech.propertyloader.PropertyLoaderIntegrationTest#testLoadingWithDefaultConfig_Loads_Includes_And_Resolves_Variables,
com.tngtech.propertyloader.PropertyLoaderIntegrationTest#testLoadingFromDefaultLocationsOrFullPath,
com.tngtech.propertyloader.impl.openers.RelativeToClassOpenerTest#testToString,
com.tngtech.propertyloader.ObfuscatorTest#testDecrypt,
com.tngtech.propertyloader.impl.openers.RelativeToClassOpenerTest#testOpen,
com.tngtech.propertyloader.ObfuscatorTest#testEncrypt,
com.tngtech.propertyloader.impl.openers.RelativeToClassOpenerTest#testThatRelativeToClassOpener_Opens_From_Root,
com.tngtech.propertyloader.impl.openers.RelativeToClassOpenerTest#testRelativeToClassOpener_Opens_From_Path_Relative_To_Class,
com.tngtech.propertyloader.impl.DefaultPropertyLocationContainerTest#testAtHomeDirectory,
com.tngtech.propertyloader.impl.DefaultPropertyLocationContainerTest#testAtDirectory,
com.tngtech.propertyloader.impl.DefaultPropertySuffixContainerTest#testAddUserName,
com.tngtech.propertyloader.PropertyLoaderTest#testWithFilters,
com.tngtech.propertyloader.impl.PropertyFileReaderTest#testTryToReadProperties_From_Properties_File,
com.tngtech.propertyloader.PropertyLoaderTest#testGetSuffixes,
com.tngtech.propertyloader.PropertyLoaderTest#testLoadFromBaseName_Calls_loadPropertiesFromBaseNameList_And_filterProperties,
com.tngtech.propertyloader.impl.DefaultPropertySuffixContainerTest#testAddString,
com.tngtech.propertyloader.impl.DefaultPropertyFilterContainerTest#testWithWarnIfPropertyHasToBeDefined,
com.tngtech.propertyloader.impl.DefaultPropertyLocationContainerTest#testAtRelativeToClass,
com.tngtech.propertyloader.impl.openers.ClassLoaderOpenerTest#testToString,
com.tngtech.propertyloader.PropertyLoaderTest#testWithVariableResolvingFilter,
com.tngtech.propertyloader.impl.DefaultPropertyFilterContainerTest#testWithDefaultFilters,
com.tngtech.propertyloader.PropertyLoaderTest#testGetExtension,
com.tngtech.propertyloader.impl.DefaultPropertyLocationContainerTest#testAtContextClassPath,
com.tngtech.propertyloader.impl.DefaultPropertyFilterContainerTest#testWithVariableResolvingFilter,
com.tngtech.propertyloader.PropertyLoaderTest#testAtBaseURL,
com.tngtech.propertyloader.impl.DefaultPropertySuffixContainerTest#testAddDefaultSuffixes,
com.tngtech.propertyloader.PropertyLoaderTest#testLoadPropertiesFromBaseNameList_Calls_PropertyFileReader_And_Prevents_StackOverflow,
com.tngtech.propertyloader.impl.DefaultPropertyFilterContainerTest#testClear,
com.tngtech.propertyloader.impl.openers.ClassLoaderOpenerTest#testOpen,
com.tngtech.propertyloader.impl.openers.ClassLoaderOpenerTest#testClassLoaderOpenerForURLClassLoader,
com.tngtech.propertyloader.impl.DefaultPropertyLocationContainerTest#testAtBaseURL,
com.tngtech.propertyloader.impl.DefaultPropertyFilterContainerTest#testWithEnvironmentResolvingFilter,
com.tngtech.propertyloader.impl.DefaultPropertyLocationContainerTest#testGetOpeners,
com.tngtech.propertyloader.PropertyLoaderTest#testAtContextClassPath,
com.tngtech.propertyloader.impl.DefaultPropertyLocationContainerTest#testFromClassLoader,
com.tngtech.propertyloader.impl.DefaultPropertyFilterContainerTest#testWithWarnOnSurroundingWhitespace,
com.tngtech.propertyloader.impl.DefaultPropertyLocationContainerTest#testAtCurrentDirectory,
com.tngtech.propertyloader.PropertyLoaderTest#testWithWarnIfPropertyHasToBeDefined,
com.tngtech.propertyloader.impl.PropertyFileReaderTest#testTryToReadProperties_From_XML_File,
com.tngtech.propertyloader.PropertyLoaderTest#testAtRelativeToClass,
com.tngtech.propertyloader.impl.DefaultPropertySuffixContainerTest#testAddSuffixList,
com.tngtech.propertyloader.impl.DefaultPropertySuffixContainerTest#testClear,
com.tngtech.propertyloader.PropertyLoaderTest#testWithDefaultFilters,
com.tngtech.propertyloader.impl.PropertyLoaderFactoryTest#testGetInputStreamReader,
com.tngtech.propertyloader.impl.DefaultPropertySuffixContainerTest#testAddLocalHostNames,
com.tngtech.propertyloader.PropertyLoaderTest#testAtHomeDirectory,
com.tngtech.propertyloader.impl.DefaultPropertyLocationContainerTest#testClear,
com.tngtech.propertyloader.impl.DefaultPropertyFilterContainerTest#testGetFilters,
com.tngtech.propertyloader.impl.DefaultPropertyLocationContainerTest#testAtDefaultLocations,
com.tngtech.propertyloader.impl.openers.ClassLoaderOpenerTest#testClassLoaderOpener,
com.tngtech.propertyloader.impl.DefaultPropertySuffixContainerTest#testGetSuffixes,
com.tngtech.propertyloader.PropertyLoaderTest#testWithExtension,
com.tngtech.propertyloader.PropertyLoaderTest#testAddUserName,
com.tngtech.propertyloader.PropertyLoaderTest#testAtDefaultLocations,
com.tngtech.propertyloader.PropertyLoaderTest#testGetFilters,
com.tngtech.propertyloader.PropertyLoaderTest#testLoadFromBaseNameList_Calls_loadPropertiesFromBaseNameList_And_filterProperties,
com.tngtech.propertyloader.PropertyLoaderTest#testAddSuffixList,
com.tngtech.propertyloader.PropertyLoaderTest#testGetLocations,
com.tngtech.propertyloader.PropertyLoaderTest#testAddString,
com.tngtech.propertyloader.PropertyLoaderTest#testAddDefaultSuffixes,
com.tngtech.propertyloader.PropertyLoaderTest#testWithLocations,
com.tngtech.propertyloader.PropertyLoaderTest#testWithDefaultConfig,
com.tngtech.propertyloader.PropertyLoaderTest#testLoad_Calls_loadPropertiesFromBaseNameList_And_filterProperties,
com.tngtech.propertyloader.PropertyLoaderTest#testAtDirectory,
com.tngtech.propertyloader.PropertyLoaderTest#testWithSuffixes,
com.tngtech.propertyloader.PropertyLoaderTest#testAddLocalHostNames,
com.tngtech.propertyloader.PropertyLoaderTest#testWithBaseNames,
com.tngtech.propertyloader.PropertyLoaderTest#testWithEncoding,
com.tngtech.propertyloader.PropertyLoaderTest#testWithWarnOnSurroundingWhitespace,
com.tngtech.propertyloader.PropertyLoaderTest#testFromClassLoader,
com.tngtech.propertyloader.PropertyLoaderTest#testAtCurrentDirectory,
com.tngtech.propertyloader.PropertyLoaderTest#testWithEnvironmentResolvingFilter,
