com.hp.autonomy.frontend.configuration.authentication.CasAuthenticationTest#toStringTest,
com.hp.autonomy.frontend.configuration.authentication.CasConfigTest#toStringTest,
com.hp.autonomy.frontend.configuration.authentication.UsernameAndPasswordTest#mergeWithNothing,
com.hp.autonomy.frontend.configuration.authentication.BCryptUsernameAndPasswordTest#toStringTest,
com.hp.autonomy.frontend.configuration.authentication.BCryptUsernameAndPasswordTest#getEnabled,
com.hp.autonomy.frontend.configuration.redis.RedisConfigTest#toStringTest,
com.hp.autonomy.frontend.configuration.redis.RedisConfigTest#mergeWithNothing,
com.hp.autonomy.frontend.configuration.authentication.UsernameAndPasswordTest#validateGoodConfig,
com.hp.autonomy.frontend.configuration.authentication.CasConfigTest#mergeWithNothing,
com.hp.autonomy.frontend.configuration.authentication.SingleUserAuthenticationTest#mergeWithNothing,
com.hp.autonomy.frontend.configuration.authentication.BCryptUsernameAndPasswordTest#validateGoodConfig,
com.hp.autonomy.frontend.configuration.authentication.CasConfigTest#badConfig,
com.hp.autonomy.frontend.configuration.authentication.BCryptUsernameAndPasswordTest#mergeWithNothing,
com.hp.autonomy.frontend.configuration.authentication.BCryptUsernameAndPasswordTest#noUsername,
com.hp.autonomy.frontend.configuration.authentication.CasConfigTest#validateGoodConfig,
com.hp.autonomy.frontend.configuration.redis.RedisConfigTest#noAddress,
com.hp.autonomy.frontend.configuration.redis.RedisConfigTest#noMaster,
com.hp.autonomy.frontend.configuration.authentication.SingleUserAuthenticationTest#toStringTest,
com.hp.autonomy.frontend.configuration.authentication.SingleUserAuthenticationTest#validateGoodConfig,
com.hp.autonomy.frontend.configuration.redis.RedisConfigTest#badSentinel,
com.hp.autonomy.frontend.configuration.authentication.BCryptUsernameAndPasswordTest#withoutPasswords,
com.hp.autonomy.frontend.configuration.authentication.CasAuthenticationTest#mergeWithNothing,
com.hp.autonomy.frontend.configuration.redis.RedisConfigTest#badAddress,
com.hp.autonomy.frontend.configuration.redis.RedisConfigTest#validateGoodConfig,
com.hp.autonomy.frontend.configuration.authentication.UsernameAndPasswordTest#toStringTest,
com.hp.autonomy.frontend.configuration.authentication.CasAuthenticationTest#validateGoodConfig,
com.hp.autonomy.frontend.configuration.authentication.CasConfigTest#fromJson,
com.hp.autonomy.frontend.configuration.authentication.UsernameAndPasswordTest#fromJson,
com.hp.autonomy.frontend.configuration.authentication.UsernameAndPasswordTest#merge,
com.hp.autonomy.frontend.configuration.authentication.BCryptUsernameAndPasswordTest#fromJson,
com.hp.autonomy.frontend.configuration.authentication.BCryptUsernameAndPasswordTest#merge,
com.hp.autonomy.frontend.configuration.ConfigurationUtilsTest#mergeField,
com.hp.autonomy.frontend.configuration.authentication.CasConfigTest#merge,
com.hp.autonomy.frontend.configuration.ConfigurationUtilsTest#customMerge,
com.hp.autonomy.frontend.configuration.redis.RedisConfigTest#merge,
com.hp.autonomy.frontend.configuration.ConfigurationUtilsTest#mergeFieldDefault,
com.hp.autonomy.frontend.configuration.ConfigurationUtilsTest#defaultMerge,
com.hp.autonomy.frontend.configuration.ConfigurationUtilsTest#mergeMap,
com.hp.autonomy.frontend.configuration.ConfigurationUtilsTest#mergeComponentDefault,
com.hp.autonomy.frontend.configuration.ConfigurationUtilsTest#invalidDefaultMerge,
com.hp.autonomy.frontend.configuration.ConfigurationUtilsTest#mergeMapNoDefault,
com.hp.autonomy.frontend.configuration.ConfigurationUtilsTest#defaultMergeWithSingularList,
com.hp.autonomy.frontend.configuration.authentication.SingleUserAuthenticationTest#merge,
com.hp.autonomy.frontend.configuration.ConfigurationUtilsTest#mergeFieldNoDefault,
com.hp.autonomy.frontend.configuration.ConfigurationUtilsTest#basicValidateNoComponent,
com.hp.autonomy.frontend.configuration.authentication.CasAuthenticationTest#fromJson,
com.hp.autonomy.frontend.configuration.authentication.CasAuthenticationTest#merge,
com.hp.autonomy.frontend.configuration.authentication.SingleUserAuthenticationTest#fromJson,
com.hp.autonomy.frontend.configuration.ConfigurationUtilsTest#customMergeNoDefault,
com.hp.autonomy.frontend.configuration.authentication.UsernameAndPasswordTest#jsonSymmetry,
com.hp.autonomy.frontend.configuration.ConfigurationUtilsTest#mergeComponent,
com.hp.autonomy.frontend.configuration.ConfigurationUtilsTest#defaultValidate,
com.hp.autonomy.frontend.configuration.ConfigurationUtilsTest#mergeMapDefault,
com.hp.autonomy.frontend.configuration.authentication.CasConfigTest#jsonSymmetry,
com.hp.autonomy.frontend.configuration.redis.RedisConfigTest#fromJson,
com.hp.autonomy.frontend.configuration.ConfigurationUtilsTest#basicValidate,
com.hp.autonomy.frontend.configuration.redis.RedisConfigTest#toJson,
com.hp.autonomy.frontend.configuration.authentication.BCryptUsernameAndPasswordTest#jsonSymmetry,
com.hp.autonomy.frontend.configuration.ConfigurationUtilsTest#invalidDefaultValidate,
com.hp.autonomy.frontend.configuration.authentication.CasAuthenticationTest#toJson,
com.hp.autonomy.frontend.configuration.validation.ValidationServiceImplTest#testValidate,
com.hp.autonomy.frontend.configuration.AbstractConfigTest#testGetValidationMap,
com.hp.autonomy.frontend.configuration.authentication.BCryptUsernameAndPasswordTest#toJson,
com.hp.autonomy.frontend.configuration.redis.RedisConfigTest#jsonSymmetry,
com.hp.autonomy.frontend.configuration.AbstractConfigTest#testGetEnabledValidationMap,
com.hp.autonomy.frontend.configuration.authentication.CasAuthenticationTest#jsonSymmetry,
com.hp.autonomy.frontend.configuration.authentication.SingleUserAuthenticationTest#jsonSymmetry,
com.hp.autonomy.frontend.configuration.ConfigurationUtilsTest#mergeComponentNoDefault,
com.hp.autonomy.frontend.configuration.ConfigurationUtilsTest#basicValidateError,
com.hp.autonomy.frontend.configuration.authentication.UsernameAndPasswordTest#toJson,
com.hp.autonomy.frontend.configuration.authentication.SingleUserAuthenticationTest#toJson,
com.hp.autonomy.frontend.configuration.authentication.CasConfigTest#toJson,
com.hp.autonomy.frontend.configuration.server.HostAndPortTest#failsValidationForNullHost,
com.hp.autonomy.frontend.configuration.server.HostAndPortTest#toStringTest,
com.hp.autonomy.frontend.configuration.server.HostAndPortTest#failsValidationForNullPort,
com.hp.autonomy.frontend.configuration.server.HostAndPortTest#validateGoodConfig,
com.hp.autonomy.frontend.configuration.server.HostAndPortTest#mergeWithNothing,
com.hp.autonomy.frontend.configuration.server.HostAndPortTest#merge,
com.hp.autonomy.frontend.configuration.ConfigFileServiceTest#undefinedConfigFile,
com.hp.autonomy.frontend.configuration.server.HostAndPortTest#toJson,
com.hp.autonomy.frontend.configuration.server.HostAndPortTest#fromJson,
com.hp.autonomy.frontend.configuration.ConfigFileServiceTest#undefinedDefaultFile,Closeable_MultipleClose@com.hp.autonomy.frontend.configuration.BaseConfigFileService.init(BaseConfigFileService.java:105)
com.hp.autonomy.frontend.configuration.ConfigFileServiceTest#noConfigFile,Closeable_MultipleClose@com.hp.autonomy.frontend.configuration.BaseConfigFileService.init(BaseConfigFileService.java:131),Closeable_MultipleClose@com.hp.autonomy.frontend.configuration.BaseConfigFileService.writeOutConfigFile(BaseConfigFileService.java:278)
com.hp.autonomy.frontend.configuration.server.HostAndPortTest#jsonSymmetry,
com.hp.autonomy.frontend.configuration.ConfigFileServiceTest#deprecatedPropertyHandling,Closeable_MultipleClose@com.hp.autonomy.frontend.configuration.BaseConfigFileService.init(BaseConfigFileService.java:105),Closeable_MultipleClose@com.hp.autonomy.frontend.configuration.BaseConfigFileService.init(BaseConfigFileService.java:131)
com.hp.autonomy.frontend.configuration.ConfigFileServiceTest#configMerge,Closeable_MultipleClose@com.hp.autonomy.frontend.configuration.BaseConfigFileService.init(BaseConfigFileService.java:105),Closeable_MultipleClose@com.hp.autonomy.frontend.configuration.BaseConfigFileService.init(BaseConfigFileService.java:131)
com.hp.autonomy.frontend.configuration.ConfigFileServiceTest#noDefaultFile,Closeable_MultipleClose@com.hp.autonomy.frontend.configuration.BaseConfigFileService.init(BaseConfigFileService.java:105)
