org.vafer.jdeb.utils.UtilsTestCase#testStripPath,
org.vafer.jdeb.utils.InformationInputStreamTestCase#testUTF16LEBOM,
org.vafer.jdeb.utils.InformationInputStreamTestCase#testUTF16BEBOM,
org.vafer.jdeb.utils.InformationInputStreamTestCase#testUTF16BE,
org.vafer.jdeb.changes.TextfileChangesProviderTestCase#testDistributionFromChangesProvider,
org.vafer.jdeb.utils.UtilsTestCase#testMovePath,
org.vafer.jdeb.utils.UtilsTestCase#testJoinPath,
org.vafer.jdeb.utils.UtilsTestCase#testNewlineConversionCR,
org.vafer.jdeb.changes.TextfileChangesProviderTestCase#testParsing,
org.vafer.jdeb.utils.InformationInputStreamTestCase#testUTF16LE,
org.vafer.jdeb.utils.UtilsTestCase#testReplaceVariablesWithinOpenCloseTokens,
org.vafer.jdeb.utils.UtilsTestCase#testNewlineConversionCRLF,
org.vafer.jdeb.utils.InformationInputStreamTestCase#testUTF8BOM,
org.vafer.jdeb.utils.UtilsTestCase#testNewlineConversionLF,
org.vafer.jdeb.utils.InformationInputStreamTestCase#testUTF8,
org.vafer.jdeb.changes.ChangesFileBuilderTestCase#testChangedByFromChangesProvider,
org.vafer.jdeb.changes.ChangesFileBuilderTestCase#testChangedByFromControl,
org.vafer.jdeb.utils.UtilsTestCase#testVersionConversion,
org.vafer.jdeb.utils.InformationInputStreamTestCase#testUTF8CRLF,
org.vafer.jdeb.changes.ChangesFileBuilderTestCase#testChangedByNotSet,
org.vafer.jdeb.utils.UtilsTestCase#testReplaceVariables,
org.vafer.jdeb.mapping.LsMapperTestCase#testPrematureEOF,
org.vafer.jdeb.mapping.LsMapperTestCase#testSuccessfulParsing,
org.vafer.jdeb.utils.FilteredFileTestCase#testTokenSubstitution,
org.vafer.jdeb.mapping.LsMapperTestCase#testWrongFormat,
org.vafer.jdeb.mapping.LsMapperTestCase#testModes,
org.vafer.jdeb.utils.FilteredFileTestCase#testTokenSubstitutionWithinOpenCloseTokens,
org.vafer.jdeb.ant.AntSelectorTestCase#testExclusion,
org.vafer.jdeb.utils.FilteredFileTestCase#testVariableSubstitution,
org.vafer.jdeb.signing.PGPSignerTestCase#testKeyLoading,
org.vafer.jdeb.signing.PGPSignerTestCase#testClearSign,
org.vafer.jdeb.ant.DebAntTaskTestCase#testMissingDataType,
org.vafer.jdeb.signing.DebMakerTestCase#testCreation,
org.vafer.jdeb.ant.DebAntTaskTestCase#testUnkownCompression,
org.vafer.jdeb.ant.DebAntTaskTestCase#testPackageWithMissingDirectory,
org.vafer.jdeb.ant.DebAntTaskTestCase#testInvalidControl,
org.vafer.jdeb.ant.DebAntTaskTestCase#testPackageWithMissingArchive,
org.vafer.jdeb.ant.DebAntTaskTestCase#testFileSet,
org.vafer.jdeb.ant.DebAntTaskTestCase#testVerboseDisabled,
org.vafer.jdeb.ant.DebAntTaskTestCase#testLink,
org.vafer.jdeb.ant.DebAntTaskTestCase#testXZCompression,
org.vafer.jdeb.ant.DebAntTaskTestCase#testPackageWithDirectory,
org.vafer.jdeb.ant.DebAntTaskTestCase#testMapper,Iterator_HasNext@org.vafer.jdeb.ant.Data.produce(Data.java:99)
org.vafer.jdeb.ant.DebAntTaskTestCase#testVerboseEnabled,
org.vafer.jdeb.utils.OutputTimestampResolverTestCase#testParameterInIsoFormatWithSpecificTimezone,
org.vafer.jdeb.utils.OutputTimestampResolverTestCase#testNoTimestamp,
org.vafer.jdeb.utils.OutputTimestampResolverTestCase#testInvalidParameter,
org.vafer.jdeb.utils.OutputTimestampResolverTestCase#testParamTakesPrecedenceOverEnvVar,
org.vafer.jdeb.utils.OutputTimestampResolverTestCase#testEnvVariable,
org.vafer.jdeb.utils.OutputTimestampResolverTestCase#testInvalidEnvVariable,
org.vafer.jdeb.DataBuilderTestCase#testCreateParentDirectories,
org.vafer.jdeb.utils.OutputTimestampResolverTestCase#testParameterInEpochSeconds,
org.vafer.jdeb.utils.OutputTimestampResolverTestCase#testParameterInIsoFormat,
org.vafer.jdeb.ant.DebAntTaskTestCase#testBZip2Compression,
org.vafer.jdeb.DataBuilderTestCase#testModifiedTimeIsSet,
org.vafer.jdeb.ant.DebAntTaskTestCase#testUnknownDataType,
org.vafer.jdeb.maven.DataTestCase#testFailOnMissingSrcIgnoreFileMissingVaryInput,
org.vafer.jdeb.maven.DataTestCase#testFailOnMissingSrcDefaultFileExists,
org.vafer.jdeb.maven.DataTestCase#testFailOnUnknownValue,
org.vafer.jdeb.DataBuilderTestCase#testBuildDataWithFileSet,
org.vafer.jdeb.ant.DebAntTaskTestCase#testPackageWithArchive,
org.vafer.jdeb.DebMakerTestCase#testControlFilesVariables,
org.vafer.jdeb.maven.DataTestCase#testFailOnMissingSrcIgnoreFileExists,
org.vafer.jdeb.DebMakerTestCase#testDependsIsIncludedIfSet,
org.vafer.jdeb.maven.DataTestCase#testFailOnMissingSrcFailFileExists,
org.vafer.jdeb.maven.DataTestCase#testFailOnMissingSrcIgnoreFileMissing,
org.vafer.jdeb.DebMakerTestCase#testControlFilesPermissions,
org.vafer.jdeb.ant.DebAntTaskTestCase#testMissingDestFile,
org.vafer.jdeb.maven.DataTestCase#testFailOnMissingSrcDefaultFileMissing,
org.vafer.jdeb.ant.DebAntTaskTestCase#testMissingControl,
org.vafer.jdeb.DebMakerTestCase#testDependsIsOmittedWhenEmpty,
org.vafer.jdeb.ant.DebAntTaskTestCase#testNoCompression,
org.vafer.jdeb.maven.DataTestCase#testFailOnMissingSrcFailFileMissing,
org.vafer.jdeb.ant.DebAntTaskTestCase#testEmptyPackage,
org.vafer.jdeb.ant.DebAntTaskTestCase#testPackageConffiles,
org.vafer.jdeb.debian.ChangesFileTestCase#testToString,
org.vafer.jdeb.debian.ControlFieldTestCase#testFormatSimpleValue,
org.vafer.jdeb.debian.ControlFieldTestCase#testFormatMultilineValue1,
org.vafer.jdeb.DebMakerTestCase#testCreation,
org.vafer.jdeb.debian.PackageControlFileTestCase#testEmptyLines,
org.vafer.jdeb.debian.ControlFieldTestCase#testFormatMultilineValue2,
org.vafer.jdeb.DebMakerTestCase#testConstantModifiedTime,
org.vafer.jdeb.debian.PackageControlFileTestCase#testGetShortDescription,
org.vafer.jdeb.ant.DebAntTaskTestCase#testTarFileSet,
org.vafer.jdeb.debian.PackageControlFileTestCase#testParse,
org.vafer.jdeb.debian.PackageControlFileTestCase#testToString,
org.vafer.jdeb.debian.PackageControlFileTestCase#testGetUserDefinedFields,
org.vafer.jdeb.debian.PackageControlFileTestCase#testGetDescription,
org.vafer.jdeb.debian.PackageControlFileTestCase#testComments,
org.vafer.jdeb.producers.DataProducerPathTemplateTestCase#testTypical,
org.vafer.jdeb.DebMakerLongNameTestCase#testLongLinkName[0],
org.vafer.jdeb.DebMakerLongNameTestCase#testLongLinkName[2],
org.vafer.jdeb.DebMakerLongNameTestCase#testLongLinkName[1],
org.vafer.jdeb.DebMakerLongNameTestCase#testLongLinkName[4],
org.vafer.jdeb.DebMakerLongNameTestCase#testLongLinkName[6],
org.vafer.jdeb.DebMakerLongNameTestCase#testLongLinkName[7],
org.vafer.jdeb.DebMakerLongNameTestCase#testLongLinkName[3],
org.vafer.jdeb.DebMakerLongNameTestCase#testLongLinkName[5],
org.vafer.jdeb.producers.DataProducerFilesTestCase#testProducesMultiplePathsNoDestination,
org.vafer.jdeb.producers.DataProducerFilesTestCase#testProducesMultiplePaths,
